x1,y1,x2,y2,longitude,latitude,altitude,image_name,number,type
196.39462,1759.6185,589.29346,2081.8408,43.87739456,-69.31022039,32.351,DJI_0002.JPG,0,fishing gear
1893.1252,1518.9711,2023.7988,1658.7411,43.877348,-69.31064436,32.351,DJI_0008.JPG,0,fishing gear
180.7331,392.69598,270.00555,526.86694,43.877348,-69.31064436,32.351,DJI_0008.JPG,1,fishing gear
2037.692,1417.5244,2126.985,1528.0396,43.877348,-69.31064436,32.351,DJI_0008.JPG,2,wood
1595.9044,1348.0574,1759.8744,1554.1755,43.877348,-69.31064436,32.351,DJI_0008.JPG,3,plastic
1382.8494,1771.7021,1504.3662,1884.437,43.877348,-69.31064436,32.351,DJI_0008.JPG,4,plastic
1600.5144,1462.119,1738.3049,1554.9635,43.877348,-69.31064436,32.351,DJI_0008.JPG,5,wood
3337.6038,3197.3223,3714.2068,3632.8647,43.87734833,-69.31058706,32.651,DJI_0009.JPG,0,fishing gear
4388.5786,43.168915,4604.6567,231.39151,43.87734639,-69.31030272,32.351,DJI_0015.JPG,0,wood
2253.3115,1325.693,2974.2324,2282.2734,43.87729308,-69.31027053,32.351,DJI_0026.JPG,0,fishing gear
3402.565,3409.0198,3758.313,3638.867,43.87729308,-69.31027053,32.351,DJI_0026.JPG,1,fishing gear
2330.9756,2451.1355,2961.5693,3392.574,43.87729322,-69.31031722,32.551,DJI_0027.JPG,0,fishing gear
1209.9657,146.7167,1743.9371,522.2001,43.87729664,-69.31055344,32.551,DJI_0032.JPG,0,wood
1275.6602,1734.426,1819.7305,2126.8147,43.87729553,-69.31059969,32.551,DJI_0033.JPG,0,wood
4227.953,125.806816,4355.9277,262.0643,43.87729553,-69.31059969,32.551,DJI_0033.JPG,1,plastic
3728.4033,352.57138,3872.5425,469.67307,43.87729553,-69.31059969,32.551,DJI_0033.JPG,2,fishing gear
4369.9023,22.040672,4464.452,135.80563,43.87729553,-69.31059969,32.551,DJI_0033.JPG,3,plastic
2481.0847,550.19934,2568.346,690.4059,43.87729583,-69.31064775,32.451,DJI_0034.JPG,0,fishing gear
3675.1377,1989.9884,3816.9585,2115.7432,43.87729583,-69.31064775,32.451,DJI_0034.JPG,1,plastic
4180.501,1759.6442,4298.492,1890.5607,43.87729583,-69.31064775,32.451,DJI_0034.JPG,2,fishing gear
4323.1333,1655.7189,4417.72,1769.076,43.87729583,-69.31064775,32.451,DJI_0034.JPG,3,wood
3881.2988,1691.9606,4015.877,1783.683,43.87729583,-69.31064775,32.451,DJI_0034.JPG,4,nature
1717.0155,461.11594,1867.3214,598.01556,43.87729583,-69.31064775,32.451,DJI_0034.JPG,5,plastic
729.6154,2464.1284,845.2227,2602.4175,43.87729583,-69.31064775,32.451,DJI_0034.JPG,6,wood
2442.5164,2127.5898,2535.302,2269.7617,43.87729567,-69.31069592,32.551,DJI_0035.JPG,0,nature
2185.467,954.5671,2284.9846,1059.7594,43.87729567,-69.31069592,32.551,DJI_0035.JPG,1,cage
4283.5933,3235.1448,4370.6655,3329.1804,43.87729567,-69.31069592,32.551,DJI_0035.JPG,2,wood
3848.3552,3166.9702,3998.9124,3353.1519,43.87729567,-69.31069592,32.551,DJI_0035.JPG,3,nature
4079.5742,3255.2585,4264.92,3467.0876,43.87729567,-69.31069592,32.551,DJI_0035.JPG,4,fishing gear
2080.5815,2816.9697,2178.2603,2920.0908,43.87729653,-69.31075286,32.351,DJI_0037.JPG,0,fishing gear
2224.3132,2598.6135,2329.4456,2762.7214,43.87724514,-69.31073306,32.651,DJI_0038.JPG,0,wood
4477.116,2230.185,4560.83,2327.183,43.87724514,-69.31073306,32.651,DJI_0038.JPG,1,wood
4719.3984,3363.349,4806.619,3503.5386,43.87724514,-69.31073306,32.651,DJI_0038.JPG,2,fishing gear
257.95126,3193.4717,330.9783,3322.5347,43.87724514,-69.31073306,32.651,DJI_0038.JPG,3,wood
2180.462,825.57336,2289.8042,992.8638,43.87724747,-69.31067944,32.551,DJI_0039.JPG,0,wood
755.7651,1975.0585,875.7128,2202.3376,43.87724747,-69.31067944,32.551,DJI_0039.JPG,1,fishing gear
4642.2207,1688.0754,4737.7354,1847.7449,43.87724747,-69.31067944,32.551,DJI_0039.JPG,2,nature
4447.494,529.52496,4536.037,634.58356,43.87724747,-69.31067944,32.551,DJI_0039.JPG,3,wood
734.9305,2622.8804,1273.7957,3038.878,43.87724625,-69.31063125,32.451,DJI_0040.JPG,0,wood
898.9107,463.10995,1013.4489,674.3644,43.87724625,-69.31063125,32.451,DJI_0040.JPG,1,plastic
1380.6346,1927.132,1519.0614,2101.6958,43.87724625,-69.31063125,32.451,DJI_0040.JPG,2,fishing gear
926.28436,2023.1222,1012.3449,2159.459,43.87724625,-69.31063125,32.451,DJI_0040.JPG,3,wood
2176.5916,1976.9395,3657.9226,2421.3267,43.87724625,-69.31063125,32.451,DJI_0040.JPG,4,wood
768.6943,1034.8618,1322.867,1467.5498,43.87724564,-69.31058508,32.651,DJI_0041.JPG,0,wood
2258.864,342.34427,3753.8718,868.81274,43.87724564,-69.31058508,32.651,DJI_0041.JPG,1,nature
2859.3132,2733.4924,3074.2292,2855.7766,43.87724428,-69.31053667,32.751,DJI_0042.JPG,0,wood
1499.1177,1619.0265,2591.1616,2235.917,43.87724428,-69.31053667,32.751,DJI_0042.JPG,1,nature
4465.9165,1678.0227,5463.062,3635.9739,43.87724469,-69.31034814,32.351,DJI_0046.JPG,0,fishing gear
3887.0103,2374.596,4534.772,3117.6394,43.87724383,-69.31030217,32.351,DJI_0047.JPG,0,fishing gear
3992.1782,11.347626,4678.197,841.3423,43.87724139,-69.31020331,32.551,DJI_0049.JPG,0,fishing gear
7.6817627,385.87372,795.85364,1943.1956,43.87719167,-69.31029803,32.351,DJI_0062.JPG,0,fishing gear
255.34242,2.3213959,766.07056,379.8612,43.87719108,-69.31044069,32.551,DJI_0065.JPG,0,wood
2.9368973,316.73126,233.49973,749.52496,43.87719422,-69.31053583,32.451,DJI_0067.JPG,0,wood
694.9965,504.38086,1019.2342,685.16284,43.87719422,-69.31053583,32.451,DJI_0067.JPG,1,wood
3199.9346,1100.759,3729.2852,1516.3345,43.8771945,-69.31058297,32.351,DJI_0068.JPG,0,wood
1614.1978,4.561035,4135.3296,980.1659,43.8771945,-69.31058297,32.351,DJI_0068.JPG,1,wood
4698.17,449.5418,5461.5547,733.5715,43.8771945,-69.31058297,32.351,DJI_0068.JPG,2,wood
3103.3591,2768.3823,3643.6262,3186.3545,43.87719436,-69.31063086,32.551,DJI_0069.JPG,0,wood
3197.7227,522.4879,3309.4292,724.9436,43.87719436,-69.31063086,32.551,DJI_0069.JPG,1,fishing gear
4595.9146,1433.3844,4832.277,1743.3529,43.87719436,-69.31063086,32.551,DJI_0069.JPG,2,plastic
142.3791,1833.2869,533.24536,2681.131,43.87719436,-69.31063086,32.551,DJI_0069.JPG,3,wood
4596.1646,960.3882,4715.058,1118.9443,43.87719478,-69.31067911,32.451,DJI_0070.JPG,0,wood
4064.8406,993.9116,4189.5405,1127.9377,43.87719478,-69.31067911,32.451,DJI_0070.JPG,1,wood
3057.524,2191.3962,3159.6704,2335.4646,43.87719478,-69.31067911,32.451,DJI_0070.JPG,2,nature
2500.0957,1473.8455,2574.5762,1605.801,43.87719478,-69.31067911,32.451,DJI_0070.JPG,3,wood
167.40048,1542.22,368.01987,1770.3516,43.87719478,-69.31067911,32.451,DJI_0070.JPG,4,nature
5214.5913,2891.9214,5390.105,3037.9092,43.87719544,-69.3107255,32.351,DJI_0071.JPG,0,plastic
3895.5151,2461.2903,4562.7817,2656.3176,43.87719544,-69.3107255,32.351,DJI_0071.JPG,1,nature
5261.996,3118.6096,5392.703,3353.262,43.87714133,-69.31070647,32.351,DJI_0072.JPG,0,plastic
4752.488,2526.8755,4827.8784,2656.9062,43.87714133,-69.31070647,32.351,DJI_0072.JPG,1,wood
2484.886,2711.9358,2864.7136,3602.7942,43.87714286,-69.31065214,32.551,DJI_0073.JPG,0,wood
2041.7981,2838.1714,2519.1165,3366.2803,43.87714272,-69.31060481,32.451,DJI_0074.JPG,0,wood
4720.6797,1408.2467,4926.201,1531.3275,43.87714272,-69.31060481,32.451,DJI_0074.JPG,1,wood
2215.1848,1086.4546,2683.8342,1566.2197,43.87714222,-69.31055428,32.751,DJI_0075.JPG,0,wood
2550.171,2525.2153,4132.5093,3640.3057,43.87714222,-69.31055428,32.751,DJI_0075.JPG,1,wood
2389.045,2.065979,3984.9463,1199.7534,43.87714067,-69.31046094,32.551,DJI_0077.JPG,0,wood
503.18854,214.87201,723.27496,375.62543,43.87713978,-69.31041178,32.751,DJI_0078.JPG,0,wood
1702.6349,57.52545,2234.9426,659.8564,43.87708739,-69.31021103,32.351,DJI_0106.JPG,0,fishing gear
1583.7794,1051.6322,2419.9973,1835.1398,43.87708792,-69.31026058,32.551,DJI_0107.JPG,0,fishing gear
140.84186,403.58627,363.13,670.8021,43.87708908,-69.31030461,32.551,DJI_0108.JPG,0,nature
1474.5261,2244.6538,2013.0037,2998.231,43.87708908,-69.31030461,32.551,DJI_0108.JPG,1,fishing gear
4341.881,12.377106,5462.171,982.1194,43.87708958,-69.31044694,32.451,DJI_0111.JPG,0,wood
2431.7058,1466.0005,2631.236,1614.6326,43.87708958,-69.31044694,32.451,DJI_0111.JPG,1,wood
4280.0933,1357.1986,5461.652,2338.4124,43.87708936,-69.31049608,32.551,DJI_0112.JPG,0,fishing gear
4545.024,887.7212,5054.2896,1350.6255,43.87708969,-69.31054081,32.651,DJI_0113.JPG,0,wood
4138.9453,2626.464,5462.407,3638.906,43.87708969,-69.31054081,32.651,DJI_0113.JPG,1,wood
4378.589,2443.6694,4890.8477,2900.0693,43.87709031,-69.31059089,32.451,DJI_0114.JPG,0,plastic
2080.9717,836.4417,2255.2368,1016.7884,43.87709031,-69.31059089,32.451,DJI_0114.JPG,1,wood
3133.9307,2321.9568,5005.8545,3395.764,43.87709192,-69.31063861,32.451,DJI_0115.JPG,0,wood
1064.2789,1876.778,1261.6173,2019.722,43.87704025,-69.31062708,32.551,DJI_0119.JPG,0,wood
598.9273,2225.916,748.7873,2389.0557,43.87704025,-69.31062708,32.551,DJI_0119.JPG,1,fishing gear
947.05695,3132.9465,1413.9712,3447.6306,43.87704025,-69.31062708,32.551,DJI_0119.JPG,2,fishing gear
1371.9625,1664.9724,1610.0121,1895.9419,43.87703853,-69.31057533,32.651,DJI_0120.JPG,0,fishing gear
1147.3628,1710.7397,1339.1523,1962.6287,43.87703853,-69.31057533,32.651,DJI_0120.JPG,1,fishing gear
609.4399,364.78378,1125.0549,775.6809,43.87703853,-69.31057533,32.651,DJI_0120.JPG,2,wood
1029.4415,70.27185,1464.0338,513.80804,43.87703853,-69.31057533,32.651,DJI_0120.JPG,3,wood
1574.2606,247.10732,1790.0502,491.0899,43.87703797,-69.31052714,32.451,DJI_0121.JPG,0,fishing gear
1342.2021,304.67822,1526.947,536.7313,43.87703797,-69.31052714,32.451,DJI_0121.JPG,1,fishing gear
833.5854,2797.816,1003.35345,3014.4438,43.87703842,-69.31048333,32.351,DJI_0122.JPG,0,plastic
950.6709,1346.0085,1134.748,1477.3357,43.87703842,-69.31048333,32.351,DJI_0122.JPG,1,plastic
4417.0776,2629.4075,4601.6733,2768.133,43.87703842,-69.31048333,32.351,DJI_0122.JPG,2,wood
936.98645,1376.3665,1100.2523,1573.4148,43.87703786,-69.31043325,32.551,DJI_0123.JPG,0,plastic
4557.7847,1281.1615,4742.656,1428.9235,43.87703786,-69.31043325,32.551,DJI_0123.JPG,1,wood
30.454788,456.85938,196.66461,565.7199,43.87703786,-69.31043325,32.551,DJI_0123.JPG,2,wood
1088.8508,1.2200699,1258.0425,199.84137,43.87703689,-69.31038636,32.451,DJI_0124.JPG,0,plastic
3509.1875,832.3886,3992.8843,1551.9897,43.87703675,-69.31024172,32.451,DJI_0127.JPG,0,wood
285.03375,1800.4562,766.31305,2633.4575,43.87703533,-69.31005358,32.351,DJI_0131.JPG,0,nature
287.90576,2155.4373,580.37885,2636.3997,43.87703533,-69.31005358,32.351,DJI_0131.JPG,1,wood
2105.1587,288.35226,2424.4229,585.3019,43.87698367,-69.30998886,32.451,DJI_0165.JPG,0,wood
2265.3818,119.18595,2396.9688,257.874,43.87698367,-69.30998886,32.451,DJI_0165.JPG,1,wood
1821.1495,942.9843,2018.0494,1096.9652,43.87698392,-69.31003447,32.451,DJI_0166.JPG,0,wood
710.3249,31.39264,1945.6841,1568.831,43.87698686,-69.31032233,32.451,DJI_0172.JPG,0,nature
4229.616,999.01227,4459.546,1263.8552,43.87698686,-69.31032233,32.451,DJI_0172.JPG,1,wood
721.0379,1479.9832,1891.5479,3057.717,43.87698611,-69.31036958,32.451,DJI_0173.JPG,0,nature
3128.3694,846.5153,3298.1536,1096.0149,43.87698578,-69.31041586,32.451,DJI_0174.JPG,0,plastic
2973.409,793.59924,3293.0315,934.2661,43.87698625,-69.31046481,32.451,DJI_0175.JPG,0,plastic
3084.824,2335.835,3238.7058,2558.3262,43.87698625,-69.31046481,32.451,DJI_0175.JPG,1,plastic
2024.3655,1368.725,2203.03,1481.4794,43.87698625,-69.31046481,32.451,DJI_0175.JPG,2,wood
3640.8953,164.09,4391.58,934.16895,43.87698625,-69.31046481,32.451,DJI_0175.JPG,3,nature
3058.3564,2219.7488,3248.1865,2361.3342,43.87698622,-69.31051081,32.451,DJI_0176.JPG,0,plastic
1964.7782,2759.8054,2144.9363,2876.972,43.87698622,-69.31051081,32.451,DJI_0176.JPG,1,wood
4203.3325,2132.4363,4317.9644,2271.09,43.87698622,-69.31051081,32.451,DJI_0176.JPG,2,wood
3639.2332,1093.429,3853.1218,1335.1924,43.87698797,-69.31055858,32.551,DJI_0177.JPG,0,fishing gear
3406.9548,1156.4784,3584.048,1401.3785,43.87698797,-69.31055858,32.551,DJI_0177.JPG,1,fishing gear
3421.619,1066.7076,3734.1423,1375.1627,43.87698886,-69.31060497,32.551,DJI_0178.JPG,0,nature
3072.7603,1434.6577,3228.643,1594.9944,43.87698886,-69.31060497,32.551,DJI_0178.JPG,1,wood
3299.4236,2504.8975,3750.9539,2834.0112,43.87698886,-69.31060497,32.551,DJI_0178.JPG,2,fishing gear
2879.5205,2884.3435,3207.6323,3311.697,43.87698939,-69.31065075,32.451,DJI_0179.JPG,0,wood
3332.122,2734.8303,3636.9585,3098.1682,43.87698939,-69.31065075,32.451,DJI_0179.JPG,1,nature
3283.1294,3256.2585,3597.226,3642.3752,43.87698964,-69.31066797,32.351,DJI_0180.JPG,0,nature
5031.4062,2036.2222,5392.7715,2186.9165,43.87693572,-69.31049986,32.651,DJI_0184.JPG,0,plastic
5070.4565,662.969,5426.1177,799.489,43.87693619,-69.31045431,32.351,DJI_0185.JPG,0,plastic
42.752777,1446.4481,261.16025,1621.0135,43.87693619,-69.31045431,32.351,DJI_0185.JPG,1,wood
5234.1104,2173.5437,5388.5156,2427.8215,43.87693619,-69.31045431,32.351,DJI_0185.JPG,2,plastic
481.24872,2536.6304,706.3344,3510.5825,43.87693619,-69.31045431,32.351,DJI_0185.JPG,3,wood
4137.1777,1220.8191,4329.9814,1322.5903,43.87693619,-69.31045431,32.351,DJI_0185.JPG,4,wood
643.2907,2108.1013,779.2673,2614.0056,43.87693619,-69.31045431,32.351,DJI_0185.JPG,5,wood
847.6044,2176.3093,993.80164,2633.284,43.87693619,-69.31045431,32.351,DJI_0185.JPG,6,wood
588.2876,1049.0234,820.64087,2035.458,43.87693461,-69.31040789,32.551,DJI_0186.JPG,0,wood
2008.4448,3059.7976,2679.8887,3463.8884,43.87693439,-69.31035706,32.551,DJI_0187.JPG,0,wood
2158.0803,1559.7552,2816.0676,1944.3705,43.87693322,-69.31030778,32.451,DJI_0188.JPG,0,wood
3199.8398,1897.9132,3469.4473,2370.3308,43.87693322,-69.31030778,32.451,DJI_0188.JPG,1,nature
2266.4497,148.08269,2922.5708,533.41705,43.876933,-69.31026283,32.351,DJI_0189.JPG,0,wood
815.7636,1384.5708,1177.3499,1788.6936,43.87693283,-69.3101685,32.351,DJI_0191.JPG,0,nature
900.1545,4.852112,1278.0771,388.01556,43.87693233,-69.31012008,32.551,DJI_0192.JPG,0,nature
3755.3452,131.93588,4247.396,1023.6041,43.87693175,-69.30997958,32.651,DJI_0195.JPG,0,nature
1554.4742,950.39014,2436.748,2189.1255,43.87692967,-69.30969386,32.551,DJI_0201.JPG,0,nature
4.538666,1283.8378,302.40918,1652.6251,43.87692728,-69.30931656,32.451,DJI_0209.JPG,0,fishing gear
1948.7274,5.495804,2268.5315,299.75153,43.87687436,-69.30925914,32.451,DJI_0214.JPG,0,fishing gear
1831.313,1081.6633,2149.932,1420.1123,43.87687492,-69.30930547,32.351,DJI_0215.JPG,0,fishing gear
1759.78,2295.2349,2088.031,2666.5503,43.87687458,-69.30935333,32.551,DJI_0216.JPG,0,fishing gear
1824.739,1129.9425,2078.0513,1750.6376,43.87687461,-69.30940253,32.451,DJI_0217.JPG,0,wood
1709.1555,2378.3098,1947.0918,2994.4216,43.87687631,-69.30945136,32.351,DJI_0218.JPG,0,wood
382.49658,823.0005,679.24243,1159.4259,43.87687636,-69.30959189,32.651,DJI_0221.JPG,0,wood
665.08704,725.0144,1173.0624,1458.9331,43.87687656,-69.30969017,32.351,DJI_0223.JPG,0,wood
3603.775,881.3016,4372.5645,2084.963,43.87687656,-69.30969017,32.351,DJI_0223.JPG,1,nature
429.4878,2106.884,952.1017,2886.0833,43.87687967,-69.30973733,32.351,DJI_0224.JPG,0,wood
193.82408,764.98035,308.9167,959.50195,43.87688,-69.30978436,32.551,DJI_0225.JPG,0,fishing gear
119.16664,2300.708,227.6971,2504.1758,43.87688106,-69.30983239,32.351,DJI_0226.JPG,0,fishing gear
361.83432,460.49225,896.34753,1486.8035,43.87687917,-69.31002025,32.451,DJI_0230.JPG,0,wood
249.04343,1994.6027,783.3987,3038.026,43.8768805,-69.31006861,32.451,DJI_0231.JPG,0,wood
656.28455,940.6516,1106.151,1451.054,43.87688044,-69.31011603,32.451,DJI_0232.JPG,0,fishing gear
546.87683,2393.7622,990.2556,2941.9097,43.87688136,-69.31016292,32.551,DJI_0233.JPG,0,fishing gear
976.3695,4.109497,1538.8873,949.09265,43.87688136,-69.31016292,32.551,DJI_0233.JPG,1,wood
3982.6838,1681.3865,4313.4404,1866.0571,43.87688136,-69.31016292,32.551,DJI_0233.JPG,2,wood
2948.0308,1226.4264,3325.8022,1637.4205,43.87688136,-69.31016292,32.551,DJI_0233.JPG,3,nature
1336.9668,780.9625,1612.3948,891.0541,43.87688133,-69.31021128,32.551,DJI_0234.JPG,0,wood
1876.8701,352.5336,1971.2393,502.077,43.87688133,-69.31021128,32.551,DJI_0234.JPG,1,plastic
1252.4142,2234.7336,1529.3531,2360.5222,43.87688133,-69.31025897,32.451,DJI_0235.JPG,0,plastic
4547.371,84.05475,5271.667,473.22095,43.87688133,-69.31025897,32.451,DJI_0235.JPG,1,wood
1947.2866,2045.4092,2227.7354,2288.4043,43.87688133,-69.31025897,32.451,DJI_0235.JPG,2,wood
4347.608,1519.9712,5068.599,1930.1777,43.87688403,-69.31030628,32.551,DJI_0236.JPG,0,wood
1365.0787,1673.6094,2137.1624,3636.7393,43.87688403,-69.31030628,32.551,DJI_0236.JPG,1,wood
4262.5654,2988.686,5014.4824,3411.5225,43.87688533,-69.31035303,32.551,DJI_0237.JPG,0,wood
2962.0796,450.44278,3102.3838,965.9851,43.87688369,-69.31039803,32.651,DJI_0238.JPG,0,wood
2828.0845,878.34143,3067.852,1871.2792,43.87688369,-69.31039803,32.651,DJI_0238.JPG,1,wood
3169.6577,529.37146,3356.692,945.5248,43.87688369,-69.31039803,32.651,DJI_0238.JPG,2,wood
2928.7664,1923.3112,3074.8792,2429.8325,43.87688264,-69.31044561,32.451,DJI_0239.JPG,0,wood
2793.8003,2348.8933,3021.2856,3329.113,43.87688264,-69.31044561,32.451,DJI_0239.JPG,1,wood
3138.3313,1988.6687,3328.7795,2453.3733,43.87688264,-69.31044561,32.451,DJI_0239.JPG,2,wood
3286.9795,1800.478,3520.4429,2414.2144,43.87688264,-69.31044561,32.451,DJI_0239.JPG,3,wood
3729.2092,2248.619,3890.6545,2384.8967,43.87683014,-69.31033825,32.751,DJI_0242.JPG,0,wood
3876.5085,2759.9043,3982.3733,2886.5405,43.87683014,-69.31033825,32.751,DJI_0242.JPG,1,nature
4099.1353,2779.929,4320.1294,3636.4363,43.87683014,-69.31033825,32.751,DJI_0242.JPG,2,wood
3302.9277,1361.33,4311.9585,3639.7275,43.87683153,-69.31028839,32.451,DJI_0243.JPG,0,wood
3233.6484,3210.3665,3383.3218,3324.3381,43.87683153,-69.31028839,32.451,DJI_0243.JPG,1,wood
3708.9465,854.19226,3886.761,998.7169,43.87683153,-69.31028839,32.451,DJI_0243.JPG,2,wood
2960.66,1252.5062,3959.446,3441.766,43.87683103,-69.31023947,32.351,DJI_0244.JPG,0,fishing gear
3467.7874,430.26178,3762.4304,533.3662,43.87683078,-69.3101925,32.451,DJI_0245.JPG,0,fishing gear
4117.305,261.2025,4400.1567,461.95886,43.87683078,-69.3101925,32.451,DJI_0245.JPG,1,wood
2778.7349,1990.7,3176.4062,2492.8494,43.87683031,-69.31014481,32.451,DJI_0246.JPG,0,wood
4906.568,952.1155,5245.7886,1326.6057,43.87683031,-69.31014481,32.451,DJI_0246.JPG,1,nature
4020.8577,727.2298,4199.3438,865.5201,43.87683031,-69.31014481,32.451,DJI_0246.JPG,2,wood
2753.0283,479.76578,2869.708,566.52014,43.87682986,-69.31009683,32.651,DJI_0247.JPG,0,wood
2642.0015,891.9264,2851.94,1065.0745,43.87682986,-69.31009683,32.651,DJI_0247.JPG,1,plastic
2457.3357,1564.1757,2979.6555,2513.6692,43.87682964,-69.31004967,32.351,DJI_0248.JPG,0,nature
2546.08,203.90631,3076.6284,1153.5996,43.87682894,-69.31000317,32.451,DJI_0249.JPG,0,fishing gear
3597.1274,826.16547,3695.2305,945.6807,43.8768285,-69.30995533,32.451,DJI_0250.JPG,0,wood
992.18146,2382.8306,1295.8684,2891.3135,43.8768285,-69.30995533,32.451,DJI_0250.JPG,1,wood
1079.8748,916.00586,1401.5105,1451.9216,43.87682797,-69.30990778,32.651,DJI_0251.JPG,0,wood
2483.0186,3164.0835,2581.3037,3359.8657,43.87682761,-69.30986044,32.451,DJI_0252.JPG,0,plastic
2428.2383,2327.6978,2576.246,2457.478,43.87682792,-69.30981358,32.551,DJI_0253.JPG,0,plastic
2567.8804,1806.657,2672.2407,1992.5862,43.87682792,-69.30981358,32.551,DJI_0253.JPG,1,plastic
2667.3186,426.25476,2767.6257,607.14795,43.87682717,-69.30976606,32.451,DJI_0254.JPG,0,plastic
2528.1099,965.1893,2666.7847,1075.6104,43.87682717,-69.30976606,32.451,DJI_0254.JPG,1,nature
2733.4558,1674.679,3171.8748,2387.2856,43.87682778,-69.30971739,32.351,DJI_0255.JPG,0,wood
4432.201,314.56097,4599.329,501.4248,43.87682778,-69.30971739,32.351,DJI_0255.JPG,1,wood
2795.006,579.2494,2879.8416,684.046,43.87682778,-69.30971739,32.351,DJI_0255.JPG,2,plastic
2761.1338,323.0185,3194.456,1034.1133,43.87682856,-69.30966989,32.751,DJI_0256.JPG,0,wood
2656.7937,562.66125,2885.9563,843.8927,43.87682594,-69.30957561,32.551,DJI_0258.JPG,0,wood
2424.476,727.6214,2515.5576,855.8654,43.87682608,-69.30952831,32.251,DJI_0259.JPG,0,fishing gear
898.7648,3359.1853,1061.3015,3516.8196,43.87682608,-69.30952831,32.251,DJI_0259.JPG,1,nature
443.1334,2240.7788,701.1566,2489.4946,43.87682461,-69.30948333,32.451,DJI_0260.JPG,0,fishing gear
1606.1577,2228.4822,1731.322,2533.2712,43.87682461,-69.30948333,32.451,DJI_0260.JPG,1,plastic
986.56213,1998.5923,1148.9332,2156.8574,43.87682461,-69.30948333,32.451,DJI_0260.JPG,2,plastic
462.8579,582.1896,726.79956,887.2333,43.87682478,-69.309432,32.351,DJI_0261.JPG,0,fishing gear
1022.33606,371.10965,1183.8304,572.4293,43.87682478,-69.309432,32.351,DJI_0261.JPG,1,plastic
1645.8855,662.813,1776.6001,1002.4187,43.87682478,-69.309432,32.351,DJI_0261.JPG,2,plastic
3586.559,2063.7764,3830.958,2667.4946,43.87682478,-69.309432,32.351,DJI_0261.JPG,3,wood
1655.7429,334.865,1791.9177,603.39594,43.87682478,-69.309432,32.351,DJI_0261.JPG,4,wood
3514.0398,3297.5166,3802.4412,3640.379,43.87682347,-69.30938886,32.551,DJI_0262.JPG,0,fishing gear
3682.4685,995.4039,3925.155,1609.2473,43.87682347,-69.30938886,32.551,DJI_0262.JPG,1,wood
3589.793,2125.6077,3866.4028,2490.244,43.87682356,-69.30934036,32.651,DJI_0263.JPG,0,fishing gear
3662.592,1008.01324,3936.3035,1360.76,43.87682328,-69.30929406,32.351,DJI_0264.JPG,0,fishing gear
3724.3262,3.0177994,3946.8115,188.77206,43.87682328,-69.30924547,32.451,DJI_0265.JPG,0,fishing gear
1145.2568,1946.0186,1264.7019,2175.995,43.87682236,-69.30919875,32.551,DJI_0266.JPG,0,fishing gear
874.8309,2155.6482,1070.7076,2771.5242,43.87682236,-69.30919875,32.551,DJI_0266.JPG,1,plastic
1165.4106,1886.7609,1279.7944,2110.3765,43.87682206,-69.30919844,32.751,DJI_0267.JPG,0,fishing gear
884.8323,2079.2678,1077.285,2697.365,43.87682206,-69.30919844,32.751,DJI_0267.JPG,1,wood
2938.053,2450.8118,3076.1145,2845.258,43.87676864,-69.30919947,32.451,DJI_0268.JPG,0,fishing gear
1806.6127,63.446777,1995.5258,229.66595,43.87676864,-69.30919947,32.451,DJI_0268.JPG,1,plastic
3880.5012,570.1206,5338.219,1252.1997,43.87055678,-69.30906439,36.896,DJI_0269.JPG,0,plastic
5009.6616,223.28137,5382.7017,618.0828,43.87055678,-69.30906439,36.896,DJI_0269.JPG,1,plastic
901.85034,552.0862,1489.4702,1162.1244,43.87055222,-69.30899894,37.496,DJI_0270.JPG,0,wood
4450.2495,2.854065,5405.231,947.69055,43.87055222,-69.30899894,37.496,DJI_0270.JPG,1,wood
3011.864,1914.9753,3201.3992,2975.2146,43.87055111,-69.30893811,37.596,DJI_0271.JPG,0,wood
3067.3123,41.046448,3246.4841,1103.3398,43.87054992,-69.30888003,37.396,DJI_0272.JPG,0,wood
4094.9958,748.87885,4263.707,941.1994,43.87054806,-69.30869692,37.096,DJI_0275.JPG,0,nature
4502.6865,952.79895,5462.9326,1741.3436,43.87048478,-69.30909392,37.196,DJI_0297.JPG,0,fishing gear
4447.9863,2530.3315,5464.115,3299.4727,43.87048539,-69.30913297,37.096,DJI_0298.JPG,0,nature
7.0823364,2417.6892,742.2266,3638.343,43.87028608,-69.3093535,37.296,DJI_0340.JPG,0,fishing gear
4650.6377,846.3464,5351.1973,1432.4243,43.870285,-69.30921861,37.296,DJI_0342.JPG,0,wood
2695.7397,92.61276,3325.8706,795.7379,43.87028072,-69.30879208,37.196,DJI_0349.JPG,0,nature
2626.459,3135.4255,2930.1768,3440.0593,43.87021325,-69.30880056,37.096,DJI_0352.JPG,0,nature
3509.3264,1339.2473,3817.1262,1599.1812,43.87021989,-69.30942022,37.096,DJI_0362.JPG,0,fishing gear
3452.834,2208.9595,3782.4146,2472.7666,43.87022028,-69.30944103,37.196,DJI_0363.JPG,0,cage
3206.5686,1850.7058,3758.4016,2321.1282,43.87015239,-69.30952842,37.196,DJI_0364.JPG,0,wood
1798.003,996.7581,1983.828,1171.6838,43.87015292,-69.30945428,37.396,DJI_0365.JPG,0,plastic
4425.7134,3349.452,5364.899,3641.2434,43.87008081,-69.3090385,37.196,DJI_0375.JPG,0,wood
4.53421,3159.7441,495.8551,3639.9243,43.87002111,-69.30971439,37.296,DJI_0386.JPG,0,wood
3077.2876,1194.864,3201.9985,1333.479,43.87002111,-69.30971439,37.296,DJI_0386.JPG,1,nature
920.37683,3312.36,1767.4049,3641.089,43.87002244,-69.30964231,37.296,DJI_0387.JPG,0,cage
1329.2161,3309.4426,1517.4619,3635.7356,43.87002244,-69.30964231,37.296,DJI_0387.JPG,1,cage
1194.7021,433.47626,2002.5752,910.1086,43.87002031,-69.30958253,37.196,DJI_0388.JPG,0,cage
799.01984,1778.8772,1411.3765,2392.0344,43.87002031,-69.30958253,37.196,DJI_0388.JPG,1,cage
1306.4526,346.94763,2535.1716,1239.7593,43.87002031,-69.30958253,37.196,DJI_0388.JPG,2,fishing gear
2414.2422,337.05292,2727.2998,480.84473,43.87001858,-69.30939786,37.296,DJI_0391.JPG,0,fishing gear
1169.103,371.7921,1713.873,832.307,43.86994889,-69.30915333,37.296,DJI_0397.JPG,0,nature
2916.5696,1259.7662,3316.4675,1950.1495,43.86995261,-69.30959236,37.196,DJI_0404.JPG,0,cage
3500.4001,0.8676071,3809.6848,233.91263,43.86995344,-69.30965444,37.296,DJI_0405.JPG,0,plastic
4640.14,303.6105,5461.3765,841.3612,43.86995344,-69.30965444,37.296,DJI_0405.JPG,1,wood
3485.1729,3110.2117,4058.5479,3574.0505,43.86995344,-69.30965444,37.296,DJI_0405.JPG,2,wood
4114.0386,606.7904,4630.567,845.4767,43.86995344,-69.30965444,37.296,DJI_0405.JPG,3,fishing gear
3336.698,2226.3445,3678.9172,2753.6863,43.86995414,-69.30971539,37.196,DJI_0406.JPG,0,fishing gear
3908.4321,3186.944,4527.4487,3641.1633,43.86995414,-69.30971539,37.196,DJI_0406.JPG,1,wood
4556.444,3194.0757,5233.7036,3640.8604,43.86995414,-69.30971539,37.196,DJI_0406.JPG,2,wood
1956.3602,26.516953,2258.5984,283.47705,43.86995414,-69.30971539,37.196,DJI_0406.JPG,3,fishing gear
1362.0714,3156.414,2603.1724,3640.2588,43.86995547,-69.30981222,37.296,DJI_0408.JPG,0,wood
1873.409,2676.28,2235.2646,2851.9255,43.86988628,-69.30983886,37.296,DJI_0409.JPG,0,wood
1669.083,1090.7526,1907.383,1242.2797,43.86988775,-69.30976894,37.396,DJI_0410.JPG,0,nature
2234.2642,1712.6012,2602.6348,2007.944,43.86988589,-69.30958511,37.396,DJI_0413.JPG,0,nature
104.68768,6.6726074,839.64655,1195.5131,43.86981881,-69.30960939,37.296,DJI_0430.JPG,0,wood
969.1038,1545.3807,1144.6963,1819.9852,43.86981881,-69.30960939,37.296,DJI_0430.JPG,1,wood
5.9681396,1589.8807,784.9342,3275.087,43.86981997,-69.30966983,37.296,DJI_0431.JPG,0,wood
3825.277,1859.6329,4825.6875,2162.2427,43.86982119,-69.30979267,37.196,DJI_0433.JPG,0,wood
4591.749,1891.1433,4829.242,2030.0559,43.86982119,-69.30979267,37.196,DJI_0433.JPG,1,wood
506.3693,939.5103,598.9399,1043.1826,43.86982192,-69.30985053,37.196,DJI_0434.JPG,0,wood
233.33124,1397.8585,332.78735,1515.2555,43.86982192,-69.30985053,37.196,DJI_0434.JPG,1,wood
4076.826,1958.3014,5462.1807,3638.6172,43.86975489,-69.30978775,37.296,DJI_0436.JPG,0,nature
3544.5457,1403.0593,3881.368,1703.9038,43.86975381,-69.30972544,37.296,DJI_0437.JPG,0,wood
2172.9429,1962.8315,2490.8242,2568.227,43.86975275,-69.30960264,37.296,DJI_0439.JPG,0,cage
3230.7368,5.474121,3938.3652,1230.1727,43.86975275,-69.30960264,37.296,DJI_0439.JPG,1,wood
2245.963,6.615814,2553.7505,476.02405,43.86975231,-69.30954142,37.196,DJI_0440.JPG,0,cage
3199.672,2509.398,3504.742,2818.3135,43.86968567,-69.30957053,37.196,DJI_0457.JPG,0,wood
960.8313,84.14458,1503.2236,585.82275,43.86968661,-69.30975439,37.296,DJI_0460.JPG,0,plastic
903.3701,1884.1426,1421.0251,2386.6963,43.86968783,-69.30981625,37.196,DJI_0461.JPG,0,fishing gear
3724.887,1767.7856,4212.6436,2288.871,43.869621,-69.30980619,37.396,DJI_0464.JPG,0,fishing gear
3824.3894,23.257965,4297.7373,509.92825,43.86961967,-69.30974778,37.196,DJI_0465.JPG,0,fishing gear
660.51416,1339.9187,1362.7968,1596.6145,43.86954578,-69.30903144,37.296,DJI_0478.JPG,0,wood
4702.082,1995.494,5423.8223,2306.1936,43.86955289,-69.30971156,37.196,DJI_0489.JPG,0,wood
2991.2913,920.9439,3600.6091,1256.2087,43.86948089,-69.30901353,37.096,DJI_0505.JPG,0,fishing gear
3012.4983,419.42902,3697.8025,731.65704,43.869481,-69.30899617,37.496,DJI_0506.JPG,0,fishing gear
1133.7625,323.09045,1258.2751,468.69977,43.86941653,-69.30939958,37.296,DJI_0514.JPG,0,wood
379.53503,1126.0327,710.97546,1428.5449,43.86941672,-69.30946111,37.296,DJI_0515.JPG,0,fishing gear
1059.694,2140.2654,1191.3463,2292.0872,43.86941672,-69.30946111,37.296,DJI_0515.JPG,1,wood
743.2623,3021.2698,1011.0408,3192.5476,43.86941672,-69.30946111,37.296,DJI_0515.JPG,2,wood
1328.8068,3006.9292,1619.6346,3325.539,43.86935028,-69.30943497,37.296,DJI_0522.JPG,0,wood
3636.7986,1576.0256,3768.9827,1720.6863,43.86935028,-69.30943497,37.296,DJI_0522.JPG,1,cage
1436.7731,1276.9773,1729.5331,1595.8115,43.86934975,-69.30937322,37.296,DJI_0523.JPG,0,wood
3439.7822,992.6718,3623.6807,1185.792,43.86914742,-69.30912161,37.296,DJI_0555.JPG,0,fishing gear
3010.3853,605.4516,3188.146,798.7226,43.86914772,-69.30924258,36.996,DJI_0557.JPG,0,wood
2658.0027,651.6809,2799.0725,823.22314,43.86914772,-69.30924258,36.996,DJI_0557.JPG,1,wood
2935.5776,1686.9059,3118.662,1870.2714,43.86914914,-69.30927761,36.996,DJI_0558.JPG,0,wood
1454.9915,1984.7224,1821.9788,2166.8792,43.86941961,-69.30991131,36.196,DJI_0559.JPG,0,plastic
102.352646,1875.9535,448.84515,2030.1119,43.86941961,-69.30991131,36.196,DJI_0559.JPG,1,plastic
2336.941,2416.118,2498.187,2548.2385,43.86937742,-69.30981592,36.096,DJI_0560.JPG,0,plastic
4764.04,2892.479,5276.0693,3240.9556,43.86937742,-69.30981592,36.096,DJI_0560.JPG,1,wood
4654.432,2269.4482,4799.2046,2415.892,43.86937742,-69.30981592,36.096,DJI_0560.JPG,2,plastic
1181.3066,2076.7104,1288.9451,2165.4888,43.86937742,-69.30981592,36.096,DJI_0560.JPG,3,plastic
1190.0739,2652.892,1386.2775,2769.6504,43.86937606,-69.30981447,36.296,DJI_0561.JPG,0,fishing gear
4533.568,1089.1588,4628.9087,1251.0809,43.86937606,-69.30981447,36.296,DJI_0561.JPG,1,fishing gear
4174.714,2169.6992,4491.0244,2328.7305,43.86937606,-69.30981447,36.296,DJI_0561.JPG,2,plastic
2500.7004,1910.5986,2742.7053,2188.5952,43.86937606,-69.30981447,36.296,DJI_0561.JPG,3,wood
808.2254,2949.777,974.5253,3127.4685,43.86937606,-69.30981447,36.296,DJI_0561.JPG,4,plastic
3294.1484,1305.7023,3407.3125,1500.8551,43.86937606,-69.30981447,36.296,DJI_0561.JPG,5,wood
1286.8121,2024.8228,1522.3563,2185.0146,43.86938861,-69.30985286,36.096,DJI_0562.JPG,0,plastic
5050.203,2010.8766,5274.1377,2205.1929,43.86938861,-69.30985286,36.096,DJI_0562.JPG,1,plastic
2487.7476,2204.9702,2693.2173,2380.046,43.86938861,-69.30985286,36.096,DJI_0562.JPG,2,cage
1386.4978,1978.8181,1623.0784,2138.4333,43.86938814,-69.30985206,36.096,DJI_0563.JPG,0,plastic
2827.1736,2236.462,3090.8835,2412.005,43.86938814,-69.30985206,36.096,DJI_0563.JPG,1,wood
2972.6404,2142.0156,3266.97,2292.9663,43.86938814,-69.30985206,36.096,DJI_0563.JPG,2,plastic
3261.2449,1428.8075,3483.4397,1636.0597,43.86938814,-69.30985206,36.096,DJI_0563.JPG,3,cage
2545.1777,1956.3461,2738.88,2181.0056,43.86938814,-69.30985206,36.096,DJI_0563.JPG,4,plastic
5206.372,2022.4967,5432.118,2221.7964,43.86938814,-69.30985206,36.096,DJI_0563.JPG,5,plastic
5099.0015,2287.045,5200.181,2406.8135,43.86940975,-69.30990992,36.196,DJI_0564.JPG,0,plastic
4731.709,2643.6094,4890.7305,2738.0405,43.86940975,-69.30990992,36.196,DJI_0564.JPG,1,wood
3790.2036,2035.0118,4000.0479,2233.701,43.86940975,-69.30990992,36.196,DJI_0564.JPG,2,plastic
4565.2046,2660.402,4677.819,2751.4236,43.86940975,-69.30990992,36.196,DJI_0564.JPG,3,plastic
5112.077,2153.157,5209.4717,2271.507,43.86940931,-69.30991,35.996,DJI_0565.JPG,0,fishing gear
3910.2268,2108.2144,4403.883,2549.625,43.86940931,-69.30991,35.996,DJI_0565.JPG,1,wood
2012.6433,1323.5033,2316.99,1522.8722,43.86940931,-69.30991,35.996,DJI_0565.JPG,2,cage
3801.466,1899.9218,4012.036,2096.2896,43.86940931,-69.30991,35.996,DJI_0565.JPG,3,plastic
3601.6511,2162.1582,3759.4944,2274.4468,43.86944014,-69.30997131,36.396,DJI_0566.JPG,0,plastic
2628.145,1774.5656,2720.9219,1890.9491,43.86944014,-69.30997131,36.396,DJI_0566.JPG,1,plastic
4750.3936,2681.3354,5044.9404,2877.94,43.86944014,-69.30997131,36.396,DJI_0566.JPG,2,plastic
3532.5066,2041.2792,3694.7224,2148.052,43.86944014,-69.30997131,36.396,DJI_0566.JPG,3,fishing gear
3939.244,2273.0457,4106.163,2407.1936,43.86945892,-69.30999589,36.596,DJI_0567.JPG,0,plastic
1898.386,2245.088,2053.201,2356.7305,43.86945892,-69.30999589,36.596,DJI_0567.JPG,1,plastic
861.2466,2058.7595,968.73584,2181.9094,43.86945892,-69.30999589,36.596,DJI_0567.JPG,2,fishing gear
388.78235,2121.3843,518.39594,2215.963,43.86945892,-69.30999589,36.596,DJI_0567.JPG,3,fishing gear
186.3964,2723.8389,301.96793,2814.17,43.86945892,-69.30999589,36.596,DJI_0567.JPG,4,plastic
157.64548,2236.9524,300.33035,2385.7458,43.86945892,-69.30999589,36.596,DJI_0567.JPG,5,plastic
267.39716,2031.7504,431.80408,2150.4138,43.86945892,-69.30999589,36.596,DJI_0567.JPG,6,wood
1009.9198,1980.838,1189.3964,2139.0762,43.86945892,-69.30999589,36.596,DJI_0567.JPG,7,wood
3255.4382,1625.0552,3468.4407,1814.6958,43.86951708,-69.31002997,36.696,DJI_0568.JPG,0,fishing gear
1472.5859,2324.0842,1638.0181,2472.0227,43.86951708,-69.31002997,36.696,DJI_0568.JPG,1,plastic
4153.7446,1978.6655,4280.2485,2069.884,43.86951708,-69.31002997,36.696,DJI_0568.JPG,2,plastic
1700.4626,2186.7188,1810.4138,2271.691,43.86951708,-69.31002997,36.696,DJI_0568.JPG,3,fishing gear
518.38,2344.873,632.79846,2425.8765,43.86951708,-69.31002997,36.696,DJI_0568.JPG,4,fishing gear
4894.937,1854.0969,4994.943,1961.0349,43.86951708,-69.31002997,36.696,DJI_0568.JPG,5,wood
1528.8273,1640.9023,1709.0233,1827.0803,43.86958033,-69.31005653,36.496,DJI_0569.JPG,0,fishing gear
3910.6265,1774.9652,4114.344,1928.0714,43.86958033,-69.31005653,36.496,DJI_0569.JPG,1,wood
2642.637,2508.4805,2830.5945,2645.1733,43.86958033,-69.31005653,36.496,DJI_0569.JPG,2,plastic
3270.8408,2056.0293,3417.3652,2164.416,43.86958033,-69.31005653,36.496,DJI_0569.JPG,3,plastic
2245.8328,1987.0172,2371.8782,2079.9807,43.86958033,-69.31005653,36.496,DJI_0569.JPG,4,fishing gear
1784.3567,1938.3833,1880.6357,2070.3447,43.86958033,-69.31005653,36.496,DJI_0569.JPG,5,wood
2056.7883,1808.9261,2206.299,1935.3148,43.86964606,-69.31008119,36.296,DJI_0570.JPG,0,fishing gear
306.36676,2013.672,444.03497,2096.8809,43.86964606,-69.31008119,36.296,DJI_0570.JPG,1,plastic
3655.753,1989.447,3791.2153,2219.4631,43.86964606,-69.31008119,36.296,DJI_0570.JPG,2,fishing gear
575.478,2066.9912,672.7385,2155.0703,43.86964606,-69.31008119,36.296,DJI_0570.JPG,3,fishing gear
1782.6367,1895.7217,1876.3132,2013.0354,43.86964606,-69.31008119,36.296,DJI_0570.JPG,4,plastic
3239.8755,1774.5167,3325.7935,1881.7242,43.86964606,-69.31008119,36.296,DJI_0570.JPG,5,plastic
397.021,2523.6028,637.47375,2660.7424,43.86964606,-69.31008119,36.296,DJI_0570.JPG,6,fishing gear
339.43472,2287.4546,666.6632,2480.7534,43.86964606,-69.31008119,36.296,DJI_0570.JPG,7,wood
2181.6968,2086.3875,2576.6328,2455.178,43.87049875,-69.30926833,35.496,DJI_0571.JPG,0,plastic
3386.3062,3512.998,3663.5254,3642.2788,43.87049875,-69.30926833,35.496,DJI_0571.JPG,1,plastic
4025.2227,3114.9255,4176.0293,3263.7131,43.87049875,-69.30926833,35.496,DJI_0571.JPG,2,fishing gear
2888.4292,3410.805,3144.5288,3639.57,43.87049875,-69.30926833,35.496,DJI_0571.JPG,3,fishing gear
2219.2607,3482.5703,2348.0225,3642.7046,43.87049875,-69.30926833,35.496,DJI_0571.JPG,4,wood
3113.8752,2052.6333,3363.9675,2442.5928,43.87049922,-69.30926464,36.196,DJI_0572.JPG,0,cage
1461.9929,1085.9917,1914.0444,1449.3787,43.87049922,-69.30926464,36.196,DJI_0572.JPG,1,plastic
2612.831,2143.3745,2926.6938,2357.8105,43.87049922,-69.30926464,36.196,DJI_0572.JPG,2,plastic
3564.2126,1515.281,3720.451,1639.7129,43.87049922,-69.30926464,36.196,DJI_0572.JPG,3,fishing gear
1995.3702,2426.4204,2163.745,2613.6025,43.87049922,-69.30926464,36.196,DJI_0572.JPG,4,fishing gear
3637.281,3458.244,3876.2454,3636.8743,43.87049922,-69.30926464,36.196,DJI_0572.JPG,5,plastic
1736.3512,1432.9565,1889.8715,1534.8345,43.87049922,-69.30926464,36.196,DJI_0572.JPG,6,wood
139.10153,116.72449,238.77243,243.8406,43.87049922,-69.30926464,36.196,DJI_0572.JPG,7,plastic
1906.6484,1996.83,2075.0696,2169.6116,43.87049922,-69.30926464,36.196,DJI_0572.JPG,8,plastic
2506.8608,1388.3137,2904.436,1821.4221,43.87049994,-69.30926639,36.496,DJI_0573.JPG,0,fishing gear
475.6187,1622.4169,971.09686,2004.4615,43.87049994,-69.30926639,36.496,DJI_0573.JPG,1,plastic
4315.4316,1864.4885,4690.6465,2277.2917,43.87049994,-69.30926639,36.496,DJI_0573.JPG,2,fishing gear
3713.067,2165.4458,3941.0527,2327.0664,43.87049994,-69.30926639,36.496,DJI_0573.JPG,3,plastic
2520.8599,731.53314,2673.6743,860.30597,43.87049994,-69.30926639,36.496,DJI_0573.JPG,4,fishing gear
2164.3235,1825.2168,2499.533,1980.6414,43.87049994,-69.30926639,36.496,DJI_0573.JPG,5,fishing gear
1863.0103,2492.4956,2069.0535,2626.0645,43.87049994,-69.30926639,36.496,DJI_0573.JPG,6,wood
4046.2678,2357.145,4262.9526,2585.2178,43.87049994,-69.30926639,36.496,DJI_0573.JPG,7,fishing gear
1488.2112,2234.5957,1681.0066,2354.463,43.87049994,-69.30926639,36.496,DJI_0573.JPG,8,wood
742.4109,1192.0074,1248.2805,1602.3431,43.87051494,-69.30923647,36.596,DJI_0574.JPG,0,fishing gear
3516.8848,2438.973,4249.057,3033.7488,43.87051494,-69.30923647,36.596,DJI_0574.JPG,1,fishing gear
4641.679,138.87791,5086.6353,450.8188,43.87051494,-69.30923647,36.596,DJI_0574.JPG,2,plastic
4543.007,1274.8499,5072.6562,1547.574,43.87051494,-69.30923647,36.596,DJI_0574.JPG,3,plastic
572.8287,1700.2865,933.7724,1955.0841,43.87051494,-69.30923647,36.596,DJI_0574.JPG,4,fishing gear
2798.0723,946.44745,3213.1494,1349.3939,43.87051494,-69.30923647,36.596,DJI_0574.JPG,5,plastic
4943.208,1859.1732,5176.618,2132.9343,43.87051494,-69.30923647,36.596,DJI_0574.JPG,6,cage
2248.0654,1500.8689,2463.8823,1725.0237,43.87051494,-69.30923647,36.596,DJI_0574.JPG,7,plastic
530.26135,548.65027,669.3876,696.3634,43.87051494,-69.30923647,36.596,DJI_0574.JPG,8,fishing gear
433.9327,2548.6648,657.95764,2682.0276,43.87051494,-69.30923647,36.596,DJI_0574.JPG,9,wood
2595.9402,1596.3668,2847.159,1810.6151,43.87051494,-69.30923647,36.596,DJI_0574.JPG,10,fishing gear
3506.2654,1043.7168,3749.7039,1241.1431,43.87051494,-69.30923647,36.596,DJI_0574.JPG,11,nature
2962.98,1075.0872,3530.2788,1361.3325,43.87053069,-69.30919672,36.996,DJI_0575.JPG,0,plastic
1740.2346,2315.8003,2454.3171,2936.2979,43.87053069,-69.30919672,36.996,DJI_0575.JPG,1,fishing gear
4823.971,535.2975,5461.524,1029.1731,43.87053069,-69.30919672,36.996,DJI_0575.JPG,2,fishing gear
873.5751,1433.4136,1169.0438,1659.4702,43.87053069,-69.30919672,36.996,DJI_0575.JPG,3,fishing gear
3178.0813,2.1955338,3595.2688,211.20663,43.87053069,-69.30919672,36.996,DJI_0575.JPG,4,plastic
543.25165,1336.5864,769.17694,1588.0608,43.87053069,-69.30919672,36.996,DJI_0575.JPG,5,plastic
3333.3313,1691.3988,3582.1199,1989.1954,43.87053069,-69.30919672,36.996,DJI_0575.JPG,6,cage
5094.9556,1751.962,5224.859,1893.3685,43.87053069,-69.30919672,36.996,DJI_0575.JPG,7,plastic
4061.2432,892.86224,4414.914,1137.5768,43.87053069,-69.30919672,36.996,DJI_0575.JPG,8,plastic
1219.9683,761.5592,1637.3081,1185.4628,43.87053069,-69.30919672,36.996,DJI_0575.JPG,9,fishing gear
3182.706,134.50093,3564.436,429.992,43.87052953,-69.3092005,35.996,DJI_0576.JPG,0,plastic
2991.4949,1214.7034,3499.6628,1471.9048,43.87052953,-69.3092005,35.996,DJI_0576.JPG,1,plastic
1921.1794,2313.6252,2551.093,2867.5383,43.87052953,-69.3092005,35.996,DJI_0576.JPG,2,fishing gear
826.9334,1442.4087,1035.8491,1639.8689,43.87052953,-69.3092005,35.996,DJI_0576.JPG,3,plastic
1418.527,918.8537,1807.0961,1302.6855,43.87052953,-69.3092005,35.996,DJI_0576.JPG,4,fishing gear
4658.6714,742.87695,5291.8755,1174.8824,43.87052953,-69.3092005,35.996,DJI_0576.JPG,5,fishing gear
1131.0068,1533.4874,1386.4451,1738.037,43.87052953,-69.3092005,35.996,DJI_0576.JPG,6,fishing gear
3322.502,1763.4355,3551.9155,2026.8074,43.87052953,-69.3092005,35.996,DJI_0576.JPG,7,cage
3973.6917,1044.7152,4338.077,1377.1896,43.87052953,-69.3092005,35.996,DJI_0576.JPG,8,plastic
3647.8838,1721.8333,3792.3057,1840.502,43.87052953,-69.3092005,35.996,DJI_0576.JPG,9,fishing gear
281.77936,2469.3992,461.5384,2650.7961,43.87052953,-69.3092005,35.996,DJI_0576.JPG,10,fishing gear
567.80774,1508.521,1139.2349,1765.9453,43.87056197,-69.30914811,35.996,DJI_0577.JPG,0,plastic
901.652,412.7094,1307.6678,702.1746,43.87056197,-69.30914811,35.996,DJI_0577.JPG,1,plastic
2313.9656,1056.0262,2882.5916,1479.5463,43.87056197,-69.30914811,35.996,DJI_0577.JPG,2,fishing gear
2838.3442,844.76294,3379.1865,1245.3972,43.87056197,-69.30914811,35.996,DJI_0577.JPG,3,fishing gear
3645.6973,449.34796,3958.6,921.1418,43.87056197,-69.30914811,35.996,DJI_0577.JPG,4,fishing gear
1658.379,1338.4388,2042.0077,1665.1888,43.87056197,-69.30914811,35.996,DJI_0577.JPG,5,plastic
3782.1426,1792.3701,3964.7144,1922.3501,43.87056197,-69.30914811,35.996,DJI_0577.JPG,6,plastic
3996.4036,1000.68805,4680.3027,1145.4768,43.87056197,-69.30914811,35.996,DJI_0577.JPG,7,wood
4672.768,2107.022,4953.179,2268.8457,43.87056197,-69.30914811,35.996,DJI_0577.JPG,8,wood
4314.271,867.30054,4865.2944,1452.7505,43.87057872,-69.30910469,35.996,DJI_0578.JPG,0,cage
565.3747,973.5962,1180.6965,1381.4163,43.87057872,-69.30910469,35.996,DJI_0578.JPG,1,fishing gear
1129.2815,771.37897,1672.2058,1147.7234,43.87057872,-69.30910469,35.996,DJI_0578.JPG,2,plastic
4299.3623,1919.1509,4415.453,2149.1128,43.87057872,-69.30910469,35.996,DJI_0578.JPG,3,fishing gear
3207.6917,1659.1194,3444.9114,1796.1826,43.87057872,-69.30910469,35.996,DJI_0578.JPG,4,fishing gear
3397.9153,1252.8899,3727.9075,1569.0881,43.87057872,-69.30910469,35.996,DJI_0578.JPG,5,nature
1981.6445,402.8963,2223.7754,767.0484,43.87057872,-69.30910469,35.996,DJI_0578.JPG,6,fishing gear
2590.927,970.2212,3079.2327,1570.4343,43.87059694,-69.30905822,35.996,DJI_0579.JPG,0,fishing gear
1630.2566,1360.7443,1960.5347,1679.7616,43.87059694,-69.30905822,35.996,DJI_0579.JPG,1,fishing gear
3258.9546,1842.3948,3404.0747,2017.3865,43.87059694,-69.30905822,35.996,DJI_0579.JPG,2,wood
2539.455,2027.6187,2660.1484,2264.377,43.87059694,-69.30905822,35.996,DJI_0579.JPG,3,fishing gear
232.44293,1801.7749,388.78357,1927.542,43.87059694,-69.30905822,35.996,DJI_0579.JPG,4,wood
1448.2136,1712.262,1869.821,1928.3645,43.87059694,-69.30905822,35.996,DJI_0579.JPG,5,fishing gear
4415.051,1105.2675,4718.9375,1366.5387,43.87059694,-69.30905822,35.996,DJI_0579.JPG,6,plastic
3964.5833,1689.2883,4456.096,2082.4512,43.87059694,-69.30905822,35.996,DJI_0579.JPG,7,fishing gear
2697.1584,689.3797,2847.4172,824.3531,43.87059694,-69.30905822,35.996,DJI_0579.JPG,8,fishing gear
297.01178,558.077,529.85657,833.3352,43.87059694,-69.30905822,35.996,DJI_0579.JPG,9,cage
605.64087,1031.974,1266.0382,1173.7135,43.87059694,-69.30905822,35.996,DJI_0579.JPG,10,wood
1339.6744,1096.4387,1781.4344,1668.8464,43.87061094,-69.30902786,35.996,DJI_0580.JPG,0,cage
3220.7761,1077.1869,3507.926,1335.4833,43.87061094,-69.30902786,35.996,DJI_0580.JPG,1,plastic
365.00522,1577.3005,728.0774,1898.9263,43.87061094,-69.30902786,35.996,DJI_0580.JPG,2,fishing gear
1338.413,2170.364,1487.3344,2411.4382,43.87061094,-69.30902786,35.996,DJI_0580.JPG,3,fishing gear
2776.2786,1695.2053,3244.8167,2098.1953,43.87061094,-69.30902786,35.996,DJI_0580.JPG,4,fishing gear
204.14531,1961.0514,582.45917,2171.9355,43.87061094,-69.30902786,35.996,DJI_0580.JPG,5,fishing gear
4561.783,1476.6168,5185.132,1926.1124,43.87061094,-69.30902786,35.996,DJI_0580.JPG,6,fishing gear
2065.6497,1927.5208,2215.4036,2096.9348,43.87061094,-69.30902786,35.996,DJI_0580.JPG,7,wood
5013.433,2516.7974,5349.8315,2731.3198,43.87061094,-69.30902786,35.996,DJI_0580.JPG,8,fishing gear
352.5348,2220.2666,523.0487,2477.6309,43.87061094,-69.30902786,35.996,DJI_0580.JPG,9,wood
767.85187,1480.1532,903.46454,1867.3046,43.87061094,-69.30902786,35.996,DJI_0580.JPG,10,wood
875.8613,1098.5846,1196.8701,1373.3405,43.87062756,-69.30897186,36.096,DJI_0581.JPG,0,fishing gear
514.5814,1809.1534,985.70984,2243.3884,43.87062756,-69.30897186,36.096,DJI_0581.JPG,1,fishing gear
4378.0283,1145.8619,4585.8857,1265.1952,43.87062756,-69.30897186,36.096,DJI_0581.JPG,2,fishing gear
1667.6804,227.67082,1848.435,642.9954,43.87062756,-69.30897186,36.096,DJI_0581.JPG,3,cage
2365.3765,1240.876,2952.6309,1586.2959,43.87062756,-69.30897186,36.096,DJI_0581.JPG,4,fishing gear
3816.3738,1133.2786,4058.432,1313.6519,43.87062756,-69.30897186,36.096,DJI_0581.JPG,5,cage
4675.313,1884.9271,4984.7896,2163.8113,43.87063631,-69.30895064,36.296,DJI_0582.JPG,0,wood
1044.4943,372.74792,1258.4374,807.2953,43.87063631,-69.30895064,36.296,DJI_0582.JPG,1,cage
3663.3994,1504.1401,3879.356,1626.7983,43.87063631,-69.30895064,36.296,DJI_0582.JPG,2,wood
1677.665,1449.117,2196.4111,1824.0002,43.87063631,-69.30895064,36.296,DJI_0582.JPG,3,fishing gear
2248.406,2389.623,2574.3381,2649.5132,43.87063631,-69.30895064,36.296,DJI_0582.JPG,4,fishing gear
2858.5325,2009.2109,3143.2693,2311.312,43.87065094,-69.30890028,36.196,DJI_0583.JPG,0,wood
5103.52,995.40686,5274.4067,1265.4948,43.87065094,-69.30890028,36.196,DJI_0583.JPG,1,fishing gear
3132.8452,638.21533,3322.0288,800.786,43.87065094,-69.30890028,36.196,DJI_0583.JPG,2,plastic
4898.3906,699.5891,5274.9688,1263.9766,43.87065094,-69.30890028,36.196,DJI_0583.JPG,3,plastic
1553.4238,1919.775,1836.8242,2241.671,43.87065439,-69.30886156,36.096,DJI_0584.JPG,0,wood
1881.8887,556.7719,2084.406,715.918,43.87065439,-69.30886156,36.096,DJI_0584.JPG,1,plastic
3861.185,835.33606,4028.2231,1108.433,43.87065439,-69.30886156,36.096,DJI_0584.JPG,2,fishing gear
431.3782,1739.0168,696.48914,1869.2507,43.87065439,-69.30886156,36.096,DJI_0584.JPG,3,wood
3175.4705,76.07307,3367.596,278.91208,43.87065439,-69.30886156,36.096,DJI_0584.JPG,4,plastic
3395.6023,870.0267,3680.4749,1061.9889,43.87065439,-69.30886156,36.096,DJI_0584.JPG,5,fishing gear
4915.698,2101.8115,5074.587,2275.2446,43.87065439,-69.30886156,36.096,DJI_0584.JPG,6,plastic
1568.0654,1699.0452,1744.8132,1959.3652,43.87065439,-69.30886156,36.096,DJI_0584.JPG,7,plastic
1996.223,1161.9485,2185.7559,1316.1833,43.87065397,-69.30886317,36.096,DJI_0585.JPG,0,plastic
1623.5944,2471.439,1907.8212,2788.0679,43.87065397,-69.30886317,36.096,DJI_0585.JPG,1,wood
3888.3552,1428.9413,4058.3796,1695.2257,43.87065397,-69.30886317,36.096,DJI_0585.JPG,2,plastic
5015.3696,2681.4634,5180.227,2863.9258,43.87065397,-69.30886317,36.096,DJI_0585.JPG,3,plastic
5235.4897,1353.7441,5463.4995,1685.1279,43.87065397,-69.30886317,36.096,DJI_0585.JPG,4,fishing gear
1646.5951,2249.1616,1822.963,2390.4736,43.87065397,-69.30886317,36.096,DJI_0585.JPG,5,plastic
3213.1104,736.565,3399.3052,915.0806,43.87065397,-69.30886317,36.096,DJI_0585.JPG,6,plastic
515.37524,2284.529,783.5471,2416.923,43.87065397,-69.30886317,36.096,DJI_0585.JPG,7,wood
3696.1687,572.36255,4213.3037,1001.077,43.87065544,-69.30880981,36.096,DJI_0586.JPG,0,fishing gear
3875.9836,1369.9573,4061.1272,1511.1921,43.87065544,-69.30880981,36.096,DJI_0586.JPG,1,wood
412.82782,379.96,622.1967,538.1349,43.87065544,-69.30880981,36.096,DJI_0586.JPG,2,fishing gear
3.7509003,1707.2905,237.88718,1985.9275,43.87065544,-69.30880981,36.096,DJI_0586.JPG,3,wood
2320.4548,663.5595,2468.8113,931.2548,43.87065544,-69.30880981,36.096,DJI_0586.JPG,4,wood
4716.8013,1031.5768,4899.8247,1157.6034,43.87065544,-69.30880981,36.096,DJI_0586.JPG,5,wood
17.748436,1476.4615,209.43423,1619.1412,43.87065544,-69.30880981,36.096,DJI_0586.JPG,6,plastic
3315.837,1822.32,3859.0996,2070.6848,43.87065544,-69.30880981,36.096,DJI_0586.JPG,7,wood
3682.8582,1004.5536,4472.465,1262.6688,43.87065544,-69.30880981,36.096,DJI_0586.JPG,8,wood
3463.1401,836.0221,3912.376,1820.2479,43.87065558,-69.308808,36.196,DJI_0587.JPG,0,wood
1915.087,1493.2913,2396.2825,1872.686,43.87065558,-69.308808,36.196,DJI_0587.JPG,1,cage
2296.361,1454.4165,2659.9124,2077.887,43.87065558,-69.308808,36.196,DJI_0587.JPG,2,fishing gear
2423.621,95.96824,2758.9497,256.25198,43.87065558,-69.308808,36.196,DJI_0587.JPG,3,wood
2599.3948,1897.1438,2718.695,2074.1443,43.87065558,-69.308808,36.196,DJI_0587.JPG,4,fishing gear
1013.28674,2797.881,1303.5375,2975.7898,43.87065558,-69.308808,36.196,DJI_0587.JPG,5,plastic
1671.8071,2342.585,2189.9204,2813.0981,43.87066931,-69.30878769,36.396,DJI_0588.JPG,0,fishing gear
2461.1792,2714.758,2592.0225,2999.5374,43.87066931,-69.30878769,36.396,DJI_0588.JPG,1,wood
2158.664,2222.4448,2442.9917,2989.6436,43.87066931,-69.30878769,36.396,DJI_0588.JPG,2,fishing gear
1392.8011,1604.634,1813.3282,1797.2229,43.87068503,-69.30875267,36.296,DJI_0589.JPG,0,wood
448.37476,1297.4508,572.7765,1425.0897,43.87068503,-69.30875267,36.296,DJI_0589.JPG,1,wood
2074.2605,827.2643,2322.4597,973.86255,43.87068503,-69.30875267,36.296,DJI_0589.JPG,2,wood
1758.1088,1157.8641,1872.4886,1287.5675,43.87068503,-69.30875267,36.296,DJI_0589.JPG,3,plastic
3415.0215,2970.708,3554.894,3136.9224,43.87068503,-69.30875267,36.296,DJI_0589.JPG,4,fishing gear
2893.2754,1415.6953,3097.8916,1561.1223,43.87068503,-69.30875267,36.296,DJI_0589.JPG,5,fishing gear
1063.0868,2637.4863,1533.7609,2889.6724,43.87069081,-69.30871553,35.996,DJI_0590.JPG,0,wood
2727.531,2349.436,3002.9094,2610.6733,43.87069081,-69.30871553,35.996,DJI_0590.JPG,1,plastic
1475.1017,2070.047,1598.9591,2209.952,43.87069081,-69.30871553,35.996,DJI_0590.JPG,2,plastic
2209.6167,841.03284,2427.022,1023.2749,43.87069278,-69.30868833,33.896,DJI_0591.JPG,0,plastic
2543.554,2960.272,2780.1375,3214.6494,43.87069278,-69.30868833,33.896,DJI_0591.JPG,1,plastic
1633.8237,2374.4724,1873.6682,2585.3445,43.87069278,-69.30868833,33.896,DJI_0591.JPG,2,wood
1373.0785,2878.9346,1483.0692,3021.1162,43.87069278,-69.30868833,33.896,DJI_0591.JPG,3,wood
2051.12,1694.3589,2276.5825,1907.1567,43.87069556,-69.30863992,33.696,DJI_0592.JPG,0,plastic
2413.2324,2624.6047,2619.6357,2942.944,43.87069556,-69.30863992,33.696,DJI_0592.JPG,1,fishing gear
2715.6145,1654.4746,2857.8684,1784.3269,43.87069556,-69.30863992,33.696,DJI_0592.JPG,2,fishing gear
1953.6842,1204.958,2191.1655,1451.8291,43.87069814,-69.30860247,33.796,DJI_0593.JPG,0,plastic
2414.0527,2182.4604,2626.082,2499.397,43.87069814,-69.30860247,33.796,DJI_0593.JPG,1,fishing gear
1591.9957,3095.9622,1807.8634,3320.1038,43.87069814,-69.30860247,33.796,DJI_0593.JPG,2,wood
2659.3958,1146.934,2807.7424,1296.077,43.87069814,-69.30860247,33.796,DJI_0593.JPG,3,fishing gear
1916.7168,1756.085,2156.656,2015.6868,43.87069833,-69.30857919,33.696,DJI_0594.JPG,0,plastic
2399.366,2743.4685,2635.0618,3115.9675,43.87069833,-69.30857919,33.696,DJI_0594.JPG,1,fishing gear
4722.61,2687.1868,4947.4673,3084.5276,43.87069833,-69.30857919,33.696,DJI_0594.JPG,2,wood
2623.6223,1700.3007,2774.907,1854.4581,43.87069833,-69.30857919,33.696,DJI_0594.JPG,3,fishing gear
2350.2117,2574.3667,2467.1682,2720.7349,43.87069833,-69.30857919,33.696,DJI_0594.JPG,4,plastic
1871.8218,2541.254,2106.4153,2801.2695,43.87069631,-69.30854592,33.596,DJI_0595.JPG,0,plastic
2570.5276,2503.4739,2721.9978,2663.2034,43.87069631,-69.30854592,33.596,DJI_0595.JPG,1,fishing gear
2685.7944,1502.5736,2952.4038,1693.5839,43.87038561,-69.30906053,33.696,DJI_0596.JPG,0,fishing gear
2686.81,1569.1257,2786.3071,1699.9639,43.87038561,-69.30906053,33.696,DJI_0596.JPG,1,wood
283.75842,1738.6699,455.32837,1895.4575,43.87071097,-69.309231,25.642,DJI_0597.JPG,0,plastic
260.89697,2361.0347,497.8,2581.2837,43.87071097,-69.309231,25.642,DJI_0597.JPG,1,fishing gear
481.86597,2436.9883,637.0365,2676.4658,43.87071097,-69.309231,25.642,DJI_0597.JPG,2,fishing gear
761.39417,3267.6182,908.86304,3417.622,43.87071097,-69.309231,25.642,DJI_0597.JPG,3,wood
734.78564,2615.2573,921.00745,2815.0854,43.87071097,-69.309231,25.642,DJI_0597.JPG,4,fishing gear
985.0066,3544.2744,1224.2336,3642.0293,43.87071097,-69.309231,25.642,DJI_0597.JPG,5,fishing gear
732.08417,2835.399,914.9677,3092.4404,43.87071097,-69.309231,25.642,DJI_0597.JPG,6,wood
310.0401,615.31177,483.8609,786.89026,43.87070739,-69.30914469,25.942,DJI_0598.JPG,0,plastic
250.65488,1222.9958,534.0414,1503.158,43.87070739,-69.30914469,25.942,DJI_0598.JPG,1,fishing gear
1013.3235,2502.0464,1258.6597,2670.4424,43.87070739,-69.30914469,25.942,DJI_0598.JPG,2,cage
1424.8074,3092.9297,1574.0073,3243.3364,43.87070739,-69.30914469,25.942,DJI_0598.JPG,3,wood
770.9593,2204.131,927.5451,2358.0413,43.87070739,-69.30914469,25.942,DJI_0598.JPG,4,nature
1456.9924,1774.3485,1592.813,1952.6498,43.87070739,-69.30914469,25.942,DJI_0598.JPG,5,wood
767.9566,1536.3834,953.6949,1727.8217,43.87070739,-69.30914469,25.942,DJI_0598.JPG,6,plastic
743.1702,1773.7983,939.84454,2035.5122,43.87070739,-69.30914469,25.942,DJI_0598.JPG,7,wood
1061.0825,1446.8892,1301.0776,1614.4968,43.87070825,-69.30906031,25.942,DJI_0599.JPG,0,cage
1476.9802,2044.9382,1619.208,2190.8167,43.87070825,-69.30906031,25.942,DJI_0599.JPG,1,fishing gear
309.91058,181.50482,561.87537,445.3996,43.87070825,-69.30906031,25.942,DJI_0599.JPG,2,fishing gear
1493.1799,744.7041,1633.7344,919.1719,43.87070825,-69.30906031,25.942,DJI_0599.JPG,3,wood
808.97943,1159.0872,972.7398,1306.062,43.87070825,-69.30906031,25.942,DJI_0599.JPG,4,wood
684.97064,698.57825,977.46027,1001.43665,43.87070825,-69.30906031,25.942,DJI_0599.JPG,5,wood
544.0777,307.4958,697.8481,541.9974,43.87070825,-69.30906031,25.942,DJI_0599.JPG,6,cage
1080.5197,420.05112,1323.87,591.4216,43.87070853,-69.30897806,25.842,DJI_0600.JPG,0,cage
836.69995,143.02534,988.33813,291.00378,43.87070853,-69.30897806,25.842,DJI_0600.JPG,1,wood
1956.8926,2082.1943,3149.334,3634.5186,43.87070933,-69.30881408,25.642,DJI_0602.JPG,0,fishing gear
3028.5144,2017.4675,3217.2444,2176.5188,43.8707085,-69.30873178,25.742,DJI_0603.JPG,0,wood
2479.0361,1107.9781,2648.0176,1342.548,43.8707085,-69.30873178,25.742,DJI_0603.JPG,1,cage
3284.8745,1467.0809,3691.5894,1567.2433,43.8707085,-69.30873178,25.742,DJI_0603.JPG,2,wood
3030.081,990.24554,3217.5332,1151.653,43.87070781,-69.30864869,25.542,DJI_0604.JPG,0,wood
2913.099,2542.435,3052.9434,2693.1,43.87070781,-69.30864869,25.542,DJI_0604.JPG,1,fishing gear
3277.204,452.22333,3689.5298,537.5859,43.87070781,-69.30864869,25.542,DJI_0604.JPG,2,wood
2902.7515,1554.5928,3044.5479,1704.5076,43.87070772,-69.30856597,25.942,DJI_0605.JPG,0,plastic
2873.7554,545.5305,3005.9487,705.3755,43.87070744,-69.30848342,25.542,DJI_0606.JPG,0,fishing gear
2544.6086,645.56305,2641.3616,758.5955,43.87070744,-69.30848342,25.542,DJI_0606.JPG,1,fishing gear
2127.421,797.0778,2282.5132,993.65094,43.87070722,-69.30840019,25.842,DJI_0607.JPG,0,cage
4549.671,1452.23,4692.8975,1608.73,43.870616,-69.3085635,25.742,DJI_0615.JPG,0,fishing gear
4644.781,862.09216,4845.5454,1034.8497,43.870616,-69.30864664,25.742,DJI_0616.JPG,0,wood
4601.5425,2453.2732,4741.7095,2604.0833,43.870616,-69.30864664,25.742,DJI_0616.JPG,1,fishing gear
4864.404,286.43936,5260.4946,393.3118,43.870616,-69.30864664,25.742,DJI_0616.JPG,2,wood
4713.856,1922.4061,4908.2954,2078.3413,43.87061614,-69.30872958,25.642,DJI_0617.JPG,0,wood
739.53613,1671.0104,902.0038,1904.018,43.87061614,-69.30872958,25.642,DJI_0617.JPG,1,wood
3664.5635,2028.4973,4902.583,3638.0408,43.87061628,-69.30881253,25.742,DJI_0618.JPG,0,plastic
806.289,2578.2246,963.564,2809.7168,43.87061628,-69.30881253,25.742,DJI_0618.JPG,1,wood
2682.4731,489.83142,2923.3164,672.0989,43.87061578,-69.30897756,25.742,DJI_0620.JPG,0,plastic
3167.3247,1071.7087,3297.2646,1214.6389,43.87061578,-69.30897756,25.742,DJI_0620.JPG,1,plastic
1702.3894,1119.63,1864.9617,1289.9,43.87061578,-69.30897756,25.742,DJI_0620.JPG,2,wood
2407.122,240.27386,2564.5264,391.4956,43.87061578,-69.30897756,25.742,DJI_0620.JPG,3,wood
2834.477,1099.5703,3034.233,1262.6565,43.87061578,-69.30897756,25.742,DJI_0620.JPG,4,cage
1413.7344,48.449875,1616.8479,268.66864,43.87061553,-69.30906519,25.642,DJI_0621.JPG,0,plastic
2757.0398,1643.4182,3000.006,1832.8726,43.87061553,-69.30906519,25.642,DJI_0621.JPG,1,plastic
1883.5371,466.87457,2113.682,721.0607,43.87061553,-69.30906519,25.642,DJI_0621.JPG,2,fishing gear
774.16833,23.315666,1008.1721,189.31656,43.87061553,-69.30906519,25.642,DJI_0621.JPG,3,plastic
3242.221,2204.4038,3372.9001,2350.599,43.87061553,-69.30906519,25.642,DJI_0621.JPG,4,plastic
2484.3743,1394.4106,2635.5242,1543.2512,43.87061553,-69.30906519,25.642,DJI_0621.JPG,5,wood
3077.364,900.1527,3200.0613,1073.9281,43.87061553,-69.30906519,25.642,DJI_0621.JPG,6,plastic
2395.2856,963.9973,2600.5376,1234.5386,43.87061553,-69.30906519,25.642,DJI_0621.JPG,7,wood
2129.1516,562.13684,2260.09,800.3627,43.87061553,-69.30906519,25.642,DJI_0621.JPG,8,fishing gear
1784.7554,2197.9387,1947.6362,2363.2659,43.87061553,-69.30906519,25.642,DJI_0621.JPG,9,wood
852.79785,1028.4508,1086.4314,1196.1664,43.87061533,-69.30914331,25.542,DJI_0622.JPG,0,cage
1487.3949,1038.9775,1693.5172,1251.3491,43.87061533,-69.30914331,25.542,DJI_0622.JPG,1,plastic
1900.1022,859.0937,2063.4553,1013.8222,43.87061533,-69.30914331,25.542,DJI_0622.JPG,2,plastic
1965.4907,1462.8143,2204.357,1712.5009,43.87061533,-69.30914331,25.542,DJI_0622.JPG,3,fishing gear
2832.5735,2622.9714,3085.2,2815.3152,43.87061533,-69.30914331,25.542,DJI_0622.JPG,4,plastic
3149.9958,1862.8281,3278.694,2033.9084,43.87061533,-69.30914331,25.542,DJI_0622.JPG,5,wood
2472.4016,1711.8026,2654.598,1901.7445,43.87061533,-69.30914331,25.542,DJI_0622.JPG,6,fishing gear
2204.3547,1508.7449,2345.0974,1783.7007,43.87061533,-69.30914331,25.542,DJI_0622.JPG,7,fishing gear
2563.8452,2380.5427,2714.4478,2526.36,43.87061533,-69.30914331,25.542,DJI_0622.JPG,8,nature
1859.5128,3115.0203,2023.7235,3290.155,43.87061533,-69.30914331,25.542,DJI_0622.JPG,9,wood
264.8696,140.60751,388.96225,254.02896,43.87061533,-69.30914331,25.542,DJI_0622.JPG,10,plastic
1366.1333,1243.9465,1628.6365,1439.1538,43.87061533,-69.30914331,25.542,DJI_0622.JPG,11,fishing gear
959.2492,445.2605,1066.5044,538.6085,43.87061533,-69.30914331,25.542,DJI_0622.JPG,12,plastic
3317.567,3179.582,3451.2925,3327.9697,43.87061533,-69.30914331,25.542,DJI_0622.JPG,13,wood
958.20496,445.7156,1104.8424,665.9663,43.87061533,-69.30914331,25.542,DJI_0622.JPG,14,plastic
1981.355,1923.5188,2140.2734,2063.584,43.87061597,-69.30922561,25.642,DJI_0623.JPG,0,plastic
1564.8899,2104.7275,1771.5195,2312.186,43.87061597,-69.30922561,25.642,DJI_0623.JPG,1,plastic
933.673,2101.9204,1165.3473,2284.3115,43.87061597,-69.30922561,25.642,DJI_0623.JPG,2,cage
2042.2113,2528.794,2307.544,2799.9287,43.87061597,-69.30922561,25.642,DJI_0623.JPG,3,fishing gear
1456.3525,2322.9626,1656.7947,2483.1526,43.87061597,-69.30922561,25.642,DJI_0623.JPG,4,cage
3233.063,2889.4148,3363.5068,3074.5496,43.87061597,-69.30922561,25.642,DJI_0623.JPG,5,wood
752.79364,1077.4556,882.55023,1209.2004,43.87061597,-69.30922561,25.642,DJI_0623.JPG,6,wood
2554.31,2997.831,2762.8916,3260.412,43.87061597,-69.30922561,25.642,DJI_0623.JPG,7,wood
1322.3466,1550.3612,1473.3033,1728.8588,43.87061597,-69.30922561,25.642,DJI_0623.JPG,8,wood
1671.8643,3187.493,1879.6497,3386.6057,43.87061592,-69.30930472,25.642,DJI_0624.JPG,0,plastic
2083.1848,2987.7168,2250.0637,3136.9624,43.87061592,-69.30930472,25.642,DJI_0624.JPG,1,plastic
1047.7356,3193.148,1292.9944,3397.6177,43.87061592,-69.30930472,25.642,DJI_0624.JPG,2,plastic
1562.2742,3408.8298,1805.9604,3581.1511,43.87061592,-69.30930472,25.642,DJI_0624.JPG,3,wood
3729.3015,621.2583,4162.297,992.41296,43.87061592,-69.30930472,25.642,DJI_0624.JPG,4,wood
1386.043,2644.5325,1576.1284,2794.241,43.87061592,-69.30930472,25.642,DJI_0624.JPG,5,wood
960.8343,3251.7146,1082.5253,3420.0208,43.87061617,-69.30938903,25.642,DJI_0625.JPG,0,wood
3944.0508,2307.481,4351.8193,2457.9453,43.87061617,-69.30938903,25.642,DJI_0625.JPG,1,nature
787.85,3304.8486,891.124,3392.3071,43.87061617,-69.30938903,25.642,DJI_0625.JPG,2,fishing gear
223.90204,3006.5515,450.65033,3173.2327,43.87061617,-69.30938903,25.642,DJI_0625.JPG,3,plastic
569.20483,3474.8523,662.53906,3575.3416,43.87061617,-69.30938903,25.642,DJI_0625.JPG,4,fishing gear
4072.0166,2743.907,4508.552,2968.7112,43.87061303,-69.30941269,25.542,DJI_0626.JPG,0,wood
2616.9316,2998.96,2739.792,3170.0884,43.87052392,-69.30937814,25.842,DJI_0628.JPG,0,wood
1911.1472,2750.4487,2101.6233,2907.001,43.87052392,-69.30937814,25.842,DJI_0628.JPG,1,wood
2219.9539,3214.133,2323.7546,3323.369,43.87052392,-69.30937814,25.842,DJI_0628.JPG,2,wood
2428.711,3053.365,2529.1196,3141.6301,43.87052392,-69.30937814,25.842,DJI_0628.JPG,3,fishing gear
3308.044,2981.3025,3503.0098,3184.2302,43.870524,-69.3093,25.742,DJI_0629.JPG,0,plastic
3701.564,2785.4514,3877.4858,2933.6233,43.870524,-69.3093,25.742,DJI_0629.JPG,1,plastic
2512.884,1906.3826,2632.9622,2075.9885,43.870524,-69.3093,25.742,DJI_0629.JPG,2,plastic
2682.9658,2981.8267,2946.7383,3186.9312,43.870524,-69.3093,25.742,DJI_0629.JPG,3,fishing gear
1810.5735,1627.6389,1999.3057,1775.8752,43.870524,-69.3093,25.742,DJI_0629.JPG,4,plastic
3788.128,3413.5537,4049.5317,3638.56,43.870524,-69.3093,25.742,DJI_0629.JPG,5,cage
3213.9683,1923.9397,3412.1792,2134.5237,43.87052428,-69.30921908,25.742,DJI_0630.JPG,0,plastic
3614.27,1736.7394,3788.1992,1889.6327,43.87052428,-69.30921908,25.742,DJI_0630.JPG,1,plastic
2422.6448,829.23737,2544.9167,1003.03265,43.87052428,-69.30921908,25.742,DJI_0630.JPG,2,cage
3694.2253,2356.7375,3953.735,2606.1492,43.87052428,-69.30921908,25.742,DJI_0630.JPG,3,cage
2595.3855,1918.7277,2845.7922,2109.618,43.87052428,-69.30921908,25.742,DJI_0630.JPG,4,plastic
1724.1962,522.3128,1911.0219,692.15594,43.87052428,-69.30921908,25.742,DJI_0630.JPG,5,plastic
2002.1597,1012.18494,2130.9487,1129.5887,43.87052428,-69.30921908,25.742,DJI_0630.JPG,6,fishing gear
3105.2166,2145.7795,3340.6116,2322.6672,43.87052428,-69.30921908,25.742,DJI_0630.JPG,7,fishing gear
3139.5957,860.2724,3331.9224,1083.2867,43.87052458,-69.30913708,25.742,DJI_0631.JPG,0,plastic
3539.6453,682.599,3712.365,842.33923,43.87052458,-69.30913708,25.742,DJI_0631.JPG,1,plastic
2508.067,844.3694,2750.6025,1010.57263,43.87052458,-69.30913708,25.742,DJI_0631.JPG,2,plastic
3612.9985,1297.7612,3889.1123,1549.1421,43.87052458,-69.30913708,25.742,DJI_0631.JPG,3,fishing gear
4471.9507,2495.9883,4746.019,2688.9604,43.87052458,-69.30913708,25.742,DJI_0631.JPG,4,cage
4764.3726,1723.6702,4904.818,1899.7778,43.87052458,-69.30913708,25.742,DJI_0631.JPG,5,wood
4207.7524,2239.1926,4371.0015,2387.6072,43.87052458,-69.30913708,25.742,DJI_0631.JPG,6,wood
4949.9307,3059.7544,5082.1826,3217.7466,43.87052458,-69.30913708,25.742,DJI_0631.JPG,7,fishing gear
3102.2312,305.3111,3294.5994,526.5977,43.87052406,-69.30909531,26.042,DJI_0632.JPG,0,plastic
2475.1775,279.16928,2713.387,442.84158,43.87052406,-69.30909531,26.042,DJI_0632.JPG,1,plastic
3501.3337,134.32971,3674.7615,294.685,43.87052406,-69.30909531,26.042,DJI_0632.JPG,2,plastic
3572.6465,738.4969,3844.9053,1003.9598,43.87052406,-69.30909531,26.042,DJI_0632.JPG,3,fishing gear
3952.862,1685.6779,4317.2905,1918.6793,43.87052406,-69.30909531,26.042,DJI_0632.JPG,4,fishing gear
4722.906,1186.9113,4861.144,1361.0284,43.87052406,-69.30909531,26.042,DJI_0632.JPG,5,wood
4424.9478,1937.7944,4693.9585,2133.2007,43.87052406,-69.30909531,26.042,DJI_0632.JPG,6,plastic
4904.38,2509.5198,5031.385,2658.4153,43.87052406,-69.30909531,26.042,DJI_0632.JPG,7,wood
4064.7292,1244.5298,4275.053,1503.9834,43.87052406,-69.30909531,26.042,DJI_0632.JPG,8,wood
3002.2927,516.35583,3223.786,714.8535,43.87052406,-69.30909531,26.042,DJI_0632.JPG,9,fishing gear
4896.5117,1351.5604,5083.4365,1567.3954,43.87043214,-69.30917994,25.742,DJI_0633.JPG,0,plastic
4286.957,1321.0905,4560.823,1529.7157,43.87043214,-69.30917994,25.742,DJI_0633.JPG,1,plastic
5277.172,1176.7748,5461.172,1330.6608,43.87043214,-69.30917994,25.742,DJI_0633.JPG,2,plastic
4132.488,214.56592,4264.6763,395.87836,43.87043214,-69.30917994,25.742,DJI_0633.JPG,3,cage
4350.572,714.4687,4456.32,808.31415,43.87043214,-69.30917994,25.742,DJI_0633.JPG,4,wood
3735.7356,396.41605,3842.7385,492.53787,43.87043214,-69.30917994,25.742,DJI_0633.JPG,5,fishing gear
4918.144,2540.5898,5104.403,2746.1812,43.87043283,-69.30927253,25.742,DJI_0634.JPG,0,plastic
4148.266,1438.3962,4291.101,1613.9636,43.87043283,-69.30927253,25.742,DJI_0634.JPG,1,plastic
5292.0605,2356.2422,5464.249,2501.5547,43.87043283,-69.30927253,25.742,DJI_0634.JPG,2,plastic
3484.4724,1130.4094,3688.1658,1297.9883,43.87043283,-69.30927253,25.742,DJI_0634.JPG,3,plastic
4316.273,2527.3528,4591.0933,2733.777,43.87043283,-69.30927253,25.742,DJI_0634.JPG,4,plastic
4374.5835,1916.1313,4483.223,2003.1414,43.87043283,-69.30927253,25.742,DJI_0634.JPG,5,wood
3754.4358,1624.4424,3877.0588,1736.2996,43.87043283,-69.30927253,25.742,DJI_0634.JPG,6,fishing gear
4603.7485,1962.5234,4785.0444,2141.5005,43.87043283,-69.30927253,25.742,DJI_0634.JPG,7,wood
4210.996,2582.094,4349.544,2755.7659,43.87043172,-69.30935878,25.642,DJI_0635.JPG,0,cage
3557.4475,2283.449,3754.2874,2440.631,43.87043172,-69.30935878,25.642,DJI_0635.JPG,1,wood
5328.719,3497.987,5465.68,3637.8933,43.87043172,-69.30935878,25.642,DJI_0635.JPG,2,nature
609.6317,886.14374,787.6279,1140.5414,43.87043172,-69.30935878,25.642,DJI_0635.JPG,3,cage
4653.7227,3075.9685,4830.6904,3256.8972,43.87043172,-69.30935878,25.642,DJI_0635.JPG,4,wood
3590.912,3392.6484,3799.2124,3559.2295,43.87043136,-69.30943703,25.742,DJI_0636.JPG,0,plastic
649.3421,1983.1342,822.29266,2225.7659,43.87043136,-69.30943703,25.742,DJI_0636.JPG,1,cage
2140.4868,981.5794,3383.8765,2466.9788,43.87043136,-69.30943703,25.742,DJI_0636.JPG,2,nature
679.73224,3121.9385,854.35516,3385.933,43.87043122,-69.30952075,25.742,DJI_0637.JPG,0,cage
2785.773,1104.9729,3755.391,2237.1165,43.87043122,-69.30952075,25.742,DJI_0637.JPG,1,nature
1930.0082,895.3443,2654.7146,1830.5852,43.87033989,-69.30962025,25.842,DJI_0639.JPG,0,nature
2356.599,3235.0422,2538.7236,3479.4783,43.87034092,-69.3095235,25.942,DJI_0640.JPG,0,cage
2345.9207,2033.1982,2522.6165,2272.918,43.87034022,-69.30943903,25.942,DJI_0641.JPG,0,fishing gear
2363.3447,699.6218,3423.041,1643.023,43.87034022,-69.30943903,25.942,DJI_0641.JPG,1,nature
5170.9077,2387.237,5381.5767,2554.7737,43.87033981,-69.30935636,25.742,DJI_0642.JPG,0,wood
2362.5425,898.74457,2521.101,1151.5206,43.87033981,-69.30935636,25.742,DJI_0642.JPG,1,fishing gear
1310.8033,2765.6252,1458.122,2918.1228,43.87033981,-69.30935636,25.742,DJI_0642.JPG,2,wood
5156.6133,1350.5422,5363.157,1511.0569,43.87033931,-69.30927781,25.742,DJI_0643.JPG,0,cage
1315.1403,1848.4626,1458.8114,1994.5396,43.87033931,-69.30927781,25.742,DJI_0643.JPG,1,wood
5157.1597,1380.7761,5368.4946,1546.353,43.87033933,-69.3092775,25.842,DJI_0644.JPG,0,cage
1312.274,1779.4679,1454.5253,1928.1288,43.87033933,-69.3092775,25.842,DJI_0644.JPG,1,wood
4102.532,1507.5988,4287.581,1749.6561,43.87024689,-69.30940233,25.742,DJI_0645.JPG,0,cage
2724.8164,3267.9475,2873.1118,3428.43,43.87024689,-69.30940233,25.742,DJI_0645.JPG,1,wood
4040.958,2748.2947,4203.9795,2982.3352,43.87024719,-69.30949494,25.742,DJI_0646.JPG,0,fishing gear
4046.7395,62.036804,4959.3174,1085.6758,43.87024767,-69.30957739,25.642,DJI_0647.JPG,0,nature
166.28506,11.6501465,866.802,1155.8286,43.8700645,-69.30965319,25.642,DJI_0655.JPG,0,wood
802.42145,1107.9042,924.6414,1285.0387,43.8700645,-69.30965319,25.642,DJI_0655.JPG,1,fishing gear
1328.0583,2418.896,1576.4639,2570.064,43.8700645,-69.30965319,25.642,DJI_0655.JPG,2,cage
150.63358,1250.6084,795.66907,2256.6829,43.87006489,-69.30974358,25.742,DJI_0656.JPG,0,wood
770.535,2284.6555,892.41693,2464.5813,43.87006489,-69.30974358,25.742,DJI_0656.JPG,1,fishing gear
557.1914,2227.001,779.2418,2359.5532,43.87006489,-69.30974358,25.742,DJI_0656.JPG,2,fishing gear
115.07767,2374.7576,802.4125,3365.26,43.87006469,-69.30982586,25.642,DJI_0657.JPG,0,fishing gear
528.8956,3315.5002,753.40735,3548.652,43.87006469,-69.30982586,25.642,DJI_0657.JPG,1,nature
740.314,3365.5332,860.7459,3551.149,43.87006469,-69.30982586,25.642,DJI_0657.JPG,2,fishing gear
100.49249,2840.3486,732.27966,3641.0654,43.87006544,-69.30985872,25.642,DJI_0658.JPG,0,fishing gear
1938.6768,1877.99,2561.9067,2867.182,43.86997111,-69.30978106,26.042,DJI_0659.JPG,0,wood
2410.5442,2851.3752,2624.9373,3057.574,43.86997111,-69.30978106,26.042,DJI_0659.JPG,1,fishing gear
1834.674,3137.0933,2268.8225,3639.9575,43.86997211,-69.30987644,25.642,DJI_0660.JPG,0,wood
437.6148,2838.0002,852.955,2975.8406,43.86997211,-69.30987644,25.642,DJI_0660.JPG,1,wood
4280.2847,9.45163,4596.8716,265.5339,43.86997197,-69.30993864,25.542,DJI_0661.JPG,0,wood
2378.1643,853.8491,3049.2444,1457.7917,43.86997197,-69.30993864,25.542,DJI_0661.JPG,1,nature
1462.5428,217.63208,1565.7572,291.19366,43.86997197,-69.30993864,25.542,DJI_0661.JPG,2,nature
4900.09,234.00198,5175.586,650.6492,43.86997197,-69.30993864,25.542,DJI_0661.JPG,3,wood
3556.4077,2660.857,4087.8965,3634.4214,43.86988217,-69.30983608,25.742,DJI_0664.JPG,0,fishing gear
3567.7642,2625.366,4111.9097,3606.9475,43.86988206,-69.30983764,25.842,DJI_0665.JPG,0,fishing gear
4148.1187,3496.5034,4284.856,3630.711,43.86988206,-69.30983764,25.842,DJI_0665.JPG,1,wood
1985.0518,2430.7417,2401.3818,2586.542,43.86988206,-69.30983764,25.842,DJI_0665.JPG,2,wood
5287.184,2906.5598,5465.7466,3637.944,43.86978897,-69.30985125,25.942,DJI_0666.JPG,0,wood
3586.7527,2663.1711,3987.0066,2800.635,43.86978897,-69.30985125,25.942,DJI_0666.JPG,1,wood
1017.4764,1113.4203,1176.2491,1268.8685,43.86978972,-69.310027,25.742,DJI_0668.JPG,0,cage
3310.404,1186.9519,3407.194,1496.1028,43.86978972,-69.310027,25.742,DJI_0668.JPG,1,wood
3273.538,1992.5514,3371.7314,2301.9692,43.86978983,-69.31009261,25.642,DJI_0669.JPG,0,wood
4905.4316,1860.467,4989.5693,2140.5244,43.86969747,-69.31016947,25.942,DJI_0670.JPG,0,nature
4865.75,3025.0417,4965.4824,3350.2224,43.86969747,-69.31016947,25.942,DJI_0670.JPG,1,wood
2510.3481,1770.403,2673.9092,1935.8839,43.86969811,-69.31007525,25.942,DJI_0671.JPG,0,cage
14.582092,48.933258,1208.0249,932.2855,43.86969811,-69.31007525,25.942,DJI_0671.JPG,1,plastic
4878.0723,1799.3401,4985.7344,2120.2197,43.86969811,-69.31007525,25.942,DJI_0671.JPG,2,wood
5193.709,465.1813,5290.5566,571.9048,43.86969761,-69.30998847,25.942,DJI_0672.JPG,0,plastic
2557.349,709.89685,2716.7168,865.2478,43.86969761,-69.30998847,25.942,DJI_0672.JPG,1,cage
4896.2593,763.7743,4994.652,1073.891,43.86969761,-69.30998847,25.942,DJI_0672.JPG,2,wood
1723.5221,2432.5151,1942.2924,2641.0688,43.86969689,-69.30986428,25.942,DJI_0674.JPG,0,cage
227.10973,108.507034,425.9521,312.10394,43.86960506,-69.30988125,25.842,DJI_0675.JPG,0,plastic
3207.4836,2697.5127,3418.8225,2914.7603,43.86960506,-69.30988125,25.842,DJI_0675.JPG,1,cage
175.18945,1252.3351,374.01172,1448.4193,43.86960683,-69.30997558,25.642,DJI_0676.JPG,0,plastic
191.94034,25.87275,295.20135,128.96152,43.86960683,-69.30997558,25.642,DJI_0676.JPG,1,fishing gear
4067.4653,629.52686,4232.4087,774.4418,43.86960683,-69.30997558,25.642,DJI_0676.JPG,2,fishing gear
137.66531,2202.193,338.1267,2396.3313,43.86960647,-69.31005739,25.642,DJI_0677.JPG,0,plastic
982.9267,72.55967,1140.8966,243.422,43.86960647,-69.31005739,25.642,DJI_0677.JPG,1,cage
171.42883,984.1416,275.4032,1085.0803,43.86960647,-69.31005739,25.642,DJI_0677.JPG,2,plastic
4060.667,1619.2094,4232.3936,1771.474,43.86960647,-69.31005739,25.642,DJI_0677.JPG,3,cage
939.46106,1084.506,1096.9689,1242.1244,43.86960661,-69.31013647,25.642,DJI_0678.JPG,0,cage
95.17942,3189.9072,297.12772,3382.0923,43.86960661,-69.31013647,25.642,DJI_0678.JPG,1,wood
3395.2336,738.1553,3488.7517,836.10706,43.86960661,-69.31013647,25.642,DJI_0678.JPG,2,fishing gear
3249.109,548.952,3316.2808,650.7373,43.86960661,-69.31013647,25.642,DJI_0678.JPG,3,fishing gear
3534.924,695.1809,3629.988,887.2234,43.86960661,-69.31013647,25.642,DJI_0678.JPG,4,plastic
2507.306,825.98737,2600.7434,933.8055,43.86960661,-69.31013647,25.642,DJI_0678.JPG,5,plastic
123.47656,1987.062,234.37863,2090.7346,43.86960661,-69.31013647,25.642,DJI_0678.JPG,6,fishing gear
1976.4535,972.67224,2304.8337,1128.3429,43.86960661,-69.31013647,25.642,DJI_0678.JPG,7,wood
911.71185,2143.4856,1066.372,2297.9846,43.86960603,-69.31022314,25.742,DJI_0679.JPG,0,cage
3363.5986,1766.8544,3457.2305,1868.5385,43.86960603,-69.31022314,25.742,DJI_0679.JPG,1,fishing gear
3214.8042,1575.3511,3283.7515,1674.2305,43.86960603,-69.31022314,25.742,DJI_0679.JPG,2,fishing gear
4943.6743,1020.99384,5082.729,1221.7515,43.86960603,-69.31022314,25.742,DJI_0679.JPG,3,wood
3127.0862,1693.5363,3235.2527,1785.3273,43.86960603,-69.31022314,25.742,DJI_0679.JPG,4,plastic
900.2927,2514.8281,1055.5742,2673.2515,43.86960597,-69.31025017,25.742,DJI_0680.JPG,0,plastic
3197.3088,1957.8628,3270.2966,2056.703,43.86960597,-69.31025017,25.742,DJI_0680.JPG,1,plastic
4002.1255,619.4637,4171.6255,755.6369,43.86960597,-69.31025017,25.742,DJI_0680.JPG,2,wood
3349.7683,2149.1067,3444.827,2249.7756,43.86960597,-69.31025017,25.742,DJI_0680.JPG,3,fishing gear
1931.1705,2410.3662,2257.7722,2567.3628,43.86960597,-69.31025017,25.742,DJI_0680.JPG,4,wood
4900.5273,2260.635,5014.2305,2352.633,43.86951144,-69.31025661,25.842,DJI_0681.JPG,0,wood
4052.4888,2369.0684,4177.2017,2479.9277,43.86951144,-69.31025661,25.842,DJI_0681.JPG,1,plastic
5026.7266,2217.6926,5133.296,2378.9402,43.86951144,-69.31025661,25.842,DJI_0681.JPG,2,fishing gear
4761.0483,2070.9448,4828.7573,2165.8462,43.86951144,-69.31025661,25.842,DJI_0681.JPG,3,fishing gear
2487.6016,1520.6536,2639.961,1678.1782,43.8695135,-69.31016189,25.642,DJI_0682.JPG,0,cage
4036.3506,1223.4636,4173.5557,1346.7336,43.8695135,-69.31016189,25.642,DJI_0682.JPG,1,wood
4891.9243,1132.9565,5005.5815,1232.9004,43.8695135,-69.31016189,25.642,DJI_0682.JPG,2,wood
2542.057,454.22836,2696.8245,620.4717,43.86951325,-69.31007692,25.942,DJI_0683.JPG,0,cage
1644.3412,2555.643,1846.5739,2753.0298,43.86951325,-69.31007692,25.942,DJI_0683.JPG,1,plastic
4092.8982,194.01155,4231.8477,322.2992,43.86951325,-69.31007692,25.942,DJI_0683.JPG,2,wood
4946.867,137.18924,5060.801,240.77606,43.86951325,-69.31007692,25.942,DJI_0683.JPG,3,plastic
592.60376,1784.349,824.656,1971.9767,43.86951325,-69.31007692,25.942,DJI_0683.JPG,4,plastic
1713.2314,1349.997,1819.0193,1450.966,43.86951325,-69.31007692,25.942,DJI_0683.JPG,5,fishing gear
110.33262,1911.6346,210.09787,1996.0394,43.86951325,-69.31007692,25.942,DJI_0683.JPG,6,fishing gear
1699.6327,1580.8856,1894.3375,1775.5189,43.86951294,-69.30999528,25.642,DJI_0684.JPG,0,plastic
788.69086,806.4225,881.31415,897.79675,43.86951294,-69.30999528,25.642,DJI_0684.JPG,1,plastic
1733.3955,604.3319,1924.5847,798.8324,43.86951311,-69.3099175,25.642,DJI_0685.JPG,0,plastic
1070.6708,2746.059,1260.1647,2970.0444,43.86951311,-69.3099175,25.642,DJI_0685.JPG,1,cage
259.50403,320.0033,403.30286,485.2151,43.86951311,-69.3099175,25.642,DJI_0685.JPG,2,plastic
4598.882,3187.5237,4798.5186,3399.2986,43.86951311,-69.3099175,25.642,DJI_0685.JPG,3,wood
1089.9518,1770.7871,1281.8995,1992.1943,43.86951292,-69.3098355,25.642,DJI_0686.JPG,0,fishing gear
1109.5381,1293.2732,1300.8699,1518.4878,43.86951283,-69.30979486,26.142,DJI_0687.JPG,0,fishing gear
2607.765,963.8246,2779.8064,1189.6022,43.86942044,-69.30976056,25.542,DJI_0689.JPG,0,fishing gear
180.28918,519.3426,297.53915,721.0566,43.86942044,-69.30976056,25.542,DJI_0689.JPG,1,plastic
485.86472,1383.2391,578.504,1486.8339,43.86942044,-69.30976056,25.542,DJI_0689.JPG,2,fishing gear
1784.6951,1037.2794,1863.583,1147.4081,43.86942044,-69.30976056,25.542,DJI_0689.JPG,3,wood
2574.0264,1919.5624,2750.0674,2139.3682,43.86942028,-69.30983889,25.642,DJI_0690.JPG,0,cage
78.80396,176.11716,312.2312,435.0496,43.86942028,-69.30983889,25.642,DJI_0690.JPG,1,cage
126.0349,1501.283,245.71568,1708.4792,43.86942028,-69.30983889,25.642,DJI_0690.JPG,2,plastic
2527.7458,2888.3215,2706.5085,3120.3645,43.86942067,-69.30992103,25.742,DJI_0691.JPG,0,cage
3225.5051,713.92444,3423.6653,917.73914,43.86942067,-69.30992103,25.742,DJI_0691.JPG,1,plastic
29.814163,1210.4639,266.74603,1460.5513,43.86942067,-69.30992103,25.742,DJI_0691.JPG,2,cage
1164.0219,540.413,1328.9615,687.61066,43.86942067,-69.30992103,25.742,DJI_0691.JPG,3,plastic
74.599045,2561.006,194.01228,2722.6921,43.86942067,-69.30992103,25.742,DJI_0691.JPG,4,plastic
1298.0784,264.00793,1536.0342,545.9171,43.86942067,-69.30992103,25.742,DJI_0691.JPG,5,wood
3185.1162,1721.2555,3387.7568,1924.0302,43.86942072,-69.31000456,25.742,DJI_0692.JPG,0,plastic
1141.3243,1593.0505,1288.5038,1730.7156,43.86942072,-69.31000456,25.742,DJI_0692.JPG,1,plastic
4048.0352,596.39374,4207.0264,764.83246,43.86942128,-69.31008714,25.742,DJI_0693.JPG,0,cage
3148.2717,2720.7864,3347.6755,2919.4841,43.86942128,-69.31008714,25.742,DJI_0693.JPG,1,plastic
1112.4446,2608.915,1259.9832,2744.8525,43.86942128,-69.31008714,25.742,DJI_0693.JPG,2,plastic
4006.185,1316.2009,4167.9272,1481.3252,43.86942231,-69.31014489,25.642,DJI_0694.JPG,0,plastic
3123.6821,3417.3591,3321.2583,3610.2966,43.86942231,-69.31014489,25.642,DJI_0694.JPG,1,plastic
1597.5901,2829.2031,1688.5325,2919.1958,43.86942231,-69.31014489,25.642,DJI_0694.JPG,2,plastic
1100.4069,3321.7627,1245.3046,3466.6133,43.86942231,-69.31014489,25.642,DJI_0694.JPG,3,plastic
4678.889,1907.8214,4883.3813,2107.5542,43.86933047,-69.31002422,25.842,DJI_0695.JPG,0,plastic
3160.5981,1247.1515,3321.0762,1451.0267,43.86933047,-69.31002422,25.842,DJI_0695.JPG,1,plastic
2686.7847,1870.2415,2821.5186,2006.2668,43.86933047,-69.31002422,25.842,DJI_0695.JPG,2,plastic
3780.8164,1179.3756,3874.5283,1276.4159,43.86933047,-69.31002422,25.842,DJI_0695.JPG,3,nature
3922.001,741.3776,4315.6797,987.92474,43.86933047,-69.31002422,25.842,DJI_0695.JPG,4,wood
4669.179,864.9952,4872.013,1065.4059,43.86933222,-69.30993019,25.842,DJI_0696.JPG,0,plastic
3995.0908,3056.8064,4163.744,3275.3792,43.86933222,-69.30993019,25.842,DJI_0696.JPG,1,cage
1589.1586,2739.8054,1702.3138,2955.7527,43.86933222,-69.30993019,25.842,DJI_0696.JPG,2,nature
2660.9807,751.43774,2794.4275,885.31104,43.86933222,-69.30993019,25.842,DJI_0696.JPG,3,plastic
510.81165,2069.494,725.5421,2185.719,43.86933222,-69.30993019,25.842,DJI_0696.JPG,4,wood
3779.9194,75.41961,3874.251,178.03198,43.86933222,-69.30993019,25.842,DJI_0696.JPG,5,plastic
3204.3516,127.56681,3310.8804,250.3989,43.86933222,-69.30993019,25.842,DJI_0696.JPG,6,wood
4032.6904,2065.4978,4202.079,2287.298,43.86933103,-69.30984664,25.842,DJI_0697.JPG,0,cage
1608.7446,343.0821,1822.1323,609.73694,43.86933103,-69.30984664,25.842,DJI_0697.JPG,1,cage
1626.5375,1680.6178,1745.1696,1894.7521,43.86933103,-69.30984664,25.842,DJI_0697.JPG,2,wood
1560.7085,261.9648,1698.1438,512.21094,43.86933103,-69.30984664,25.842,DJI_0697.JPG,3,wood
1941.5282,2546.699,2031.1166,2671.1692,43.86933103,-69.30984664,25.842,DJI_0697.JPG,4,plastic
897.91003,2116.1357,1200.4117,2819.9526,43.86933103,-69.30984664,25.842,DJI_0697.JPG,5,wood
564.9643,932.32904,780.4224,1052.565,43.86933103,-69.30984664,25.842,DJI_0697.JPG,6,wood
4071.4487,1106.833,4239.197,1332.1792,43.86933019,-69.30976369,25.842,DJI_0698.JPG,0,cage
1989.1844,1544.7416,2075.5884,1661.3624,43.86933019,-69.30976369,25.842,DJI_0698.JPG,1,fishing gear
1678.6494,677.0168,1791.2654,876.14166,43.86933019,-69.30976369,25.842,DJI_0698.JPG,2,wood
4079.8118,127.09143,4256.736,368.09427,43.86933025,-69.30968058,25.842,DJI_0699.JPG,0,cage
334.90622,2162.8826,1329.341,2515.4382,43.86933028,-69.30960256,25.842,DJI_0700.JPG,0,nature
1452.3027,1501.1199,1767.0317,1765.0425,43.86933083,-69.30953331,25.842,DJI_0701.JPG,0,wood
3858.8005,2075.0178,4001.7957,2222.4998,43.86923658,-69.30940544,25.942,DJI_0702.JPG,0,wood
2974.3228,1169.3363,3314.2842,1442.2887,43.86923825,-69.30950456,25.742,DJI_0703.JPG,0,wood
2950.0403,2155.3015,3305.5583,2434.429,43.86923781,-69.30958667,25.742,DJI_0704.JPG,0,wood
3251.158,107.00515,3467.8723,339.71036,43.86923892,-69.30982111,25.742,DJI_0707.JPG,0,cage
2349.5732,1993.5515,2686.3862,2241.7512,43.869147,-69.30951567,25.642,DJI_0709.JPG,0,wood
4509.5254,1372.6925,4802.452,1614.7626,43.869147,-69.30951567,25.642,DJI_0709.JPG,1,wood
2371.8772,691.6651,2697.5457,1036.8275,43.86914678,-69.30943017,25.642,DJI_0710.JPG,0,wood
5248.0107,2408.858,5392.467,2549.5957,43.86914678,-69.30943017,25.642,DJI_0710.JPG,1,wood
4457.359,347.7622,4790.936,618.3157,43.86914678,-69.30943017,25.642,DJI_0710.JPG,2,wood
1572.6262,1080.4515,1651.7561,1181.1176,43.86914617,-69.30927264,25.842,DJI_0712.JPG,0,plastic
3271.2524,2385.1748,3662.7778,3048.8643,43.86905381,-69.30940322,25.842,DJI_0714.JPG,0,plastic
3134.3665,2691.8289,3215.7014,2798.9968,43.86905381,-69.30940322,25.842,DJI_0714.JPG,1,plastic
3142.2095,1484.0884,3219.4922,1587.5857,43.86905439,-69.30930442,25.942,DJI_0715.JPG,0,plastic
1291.9744,2967.9937,1506.0413,3208.2422,43.86905389,-69.30922297,25.942,DJI_0716.JPG,0,cage
3345.3613,45.7482,3716.9932,871.2937,43.86905389,-69.30922297,25.942,DJI_0716.JPG,1,fishing gear
1295.8746,2800.1003,1509.0424,3039.7385,43.86905458,-69.30921128,25.942,DJI_0717.JPG,0,fishing gear
2.7639961,3092.865,103.67227,3242.0745,43.87209575,-69.31748203,42.944,DJI_0726.JPG,0,wood
1969.8304,2907.7446,2114.648,3037.687,43.87204486,-69.31747531,42.844,DJI_0747.JPG,0,plastic
223.26741,712.0048,558.232,1101.5815,43.87199089,-69.317323,42.944,DJI_0760.JPG,0,nature
332.35657,2598.4487,908.40845,3194.7407,43.87199089,-69.317323,42.944,DJI_0760.JPG,1,wood
1143.6677,1346.3312,1391.8333,1592.3063,43.87199089,-69.317323,42.944,DJI_0760.JPG,2,fishing gear
633.0383,1023.0779,881.1571,1254.2244,43.87199089,-69.317323,42.944,DJI_0760.JPG,3,fishing gear
1375.4674,2040.1752,1688.3346,2347.8188,43.87193461,-69.31708892,42.944,DJI_0768.JPG,0,wood
1526.1326,615.3142,2419.3596,1381.3688,43.87193811,-69.31709339,42.944,DJI_0769.JPG,0,wood
2669.4473,759.023,3580.0815,1326.3625,43.87193689,-69.31714372,42.844,DJI_0770.JPG,0,wood
121.48483,1674.1101,516.5891,2475.1711,43.87193689,-69.31714372,42.844,DJI_0770.JPG,1,wood
409.40817,2133.1536,874.5985,2668.9094,43.87193689,-69.31714372,42.844,DJI_0770.JPG,2,wood
701.00665,348.5976,918.3647,2297.5044,43.87193678,-69.31718925,42.944,DJI_0771.JPG,0,wood
646.0957,2935.0159,815.2965,3638.5847,43.87193667,-69.31723567,42.844,DJI_0772.JPG,0,wood
3019.4512,918.80005,3307.019,1264.1394,43.87193783,-69.31737186,42.844,DJI_0775.JPG,0,fishing gear
1027.5381,570.28015,1245.1694,716.7716,43.87194292,-69.31769856,42.944,DJI_0782.JPG,0,plastic
1021.3768,2661.0273,1240.6016,2797.4365,43.87194281,-69.31774339,42.944,DJI_0783.JPG,0,plastic
5.036499,2220.6238,677.41486,3403.1482,43.87188794,-69.31730167,42.944,DJI_0797.JPG,0,wood
55.437622,1904.4764,759.96387,2787.532,43.87188675,-69.31725581,42.844,DJI_0798.JPG,0,wood
2187.7153,1749.2676,2519.8945,2360.6938,43.87188675,-69.31725581,42.844,DJI_0798.JPG,1,wood
527.36694,3.385666,846.4624,398.2702,43.87188675,-69.31725581,42.844,DJI_0798.JPG,2,wood
4465.839,2139.9243,4627.301,3639.437,43.87188578,-69.317209,42.844,DJI_0799.JPG,0,wood
2069.2092,2055.171,2240.3997,2211.2349,43.87188578,-69.317209,42.844,DJI_0799.JPG,1,plastic
3783.3928,1363.1741,4021.0583,1631.7544,43.87188578,-69.317209,42.844,DJI_0799.JPG,2,wood
2523.9238,1070.3639,2851.164,1351.0697,43.87188497,-69.31716428,42.844,DJI_0800.JPG,0,wood
898.7922,2517.5828,1060.979,2616.799,43.87195453,-69.31775114,38.268,DJI_0801.JPG,0,plastic
718.8758,737.8329,888.66473,847.3716,43.87195517,-69.31769589,38.368,DJI_0802.JPG,0,fishing gear
2882.413,1688.5247,3034.9092,3127.9827,43.87189972,-69.31720844,38.368,DJI_0814.JPG,0,wood
16.55986,5.180969,521.4695,795.126,43.87190183,-69.31726206,38.568,DJI_0815.JPG,0,wood
35.082947,1881.1858,521.2537,2684.326,43.87190106,-69.31730617,38.468,DJI_0816.JPG,0,wood
3013.2014,1912.7648,3160.2185,2023.1302,43.87190403,-69.31772483,38.468,DJI_0825.JPG,0,plastic
2945.0427,2980.1404,3397.7678,3637.681,43.87184881,-69.31732797,38.368,DJI_0839.JPG,0,wood
3071.522,1322.8212,3557.5571,2082.721,43.87184853,-69.31728272,38.368,DJI_0840.JPG,0,wood
471.90024,1297.6501,566.27966,1427.1821,43.87184853,-69.31728272,38.368,DJI_0840.JPG,1,plastic
2343.3125,3432.6257,2878.1172,3636.5793,43.87184853,-69.31728272,38.368,DJI_0840.JPG,2,wood
4257.695,2902.4773,4459.349,3288.3142,43.87184853,-69.31728272,38.368,DJI_0840.JPG,3,wood
5.4945526,2931.152,398.8733,3332.0442,43.87184853,-69.31728272,38.368,DJI_0840.JPG,4,wood
30.224304,1288.0934,857.57465,1713.702,43.87184875,-69.31723681,38.468,DJI_0841.JPG,0,nature
2480.683,1619.6722,3013.3281,1836.0453,43.87184875,-69.31723681,38.468,DJI_0841.JPG,1,wood
5.6833344,918.73975,505.7755,1266.1943,43.87184875,-69.31723681,38.468,DJI_0841.JPG,2,wood
12.886322,26.005005,919.3778,982.47015,43.87184897,-69.31722042,38.468,DJI_0842.JPG,0,nature
4473.0254,525.202,4668.699,893.8496,43.87184897,-69.31722042,38.468,DJI_0842.JPG,1,wood
2545.917,909.1931,3086.73,1132.0479,43.87184897,-69.31722042,38.468,DJI_0842.JPG,2,wood
3352.306,2162.2441,3436.3938,2295.604,43.87179653,-69.31730089,38.368,DJI_0843.JPG,0,plastic
741.2435,1361.0547,1005.7156,1627.8232,43.87179664,-69.31735281,38.368,DJI_0844.JPG,0,fishing gear
599.4093,3061.2559,853.07117,3343.7622,43.8717975,-69.3173995,38.368,DJI_0845.JPG,0,fishing gear
1717.9249,1276.6519,2033.5931,3637.648,43.87179789,-69.31744667,38.368,DJI_0846.JPG,0,wood
4.8565674,213.3381,673.6218,397.3909,43.87179789,-69.31744667,38.368,DJI_0846.JPG,1,wood
1556.1523,3095.0742,1797.8271,3641.4062,43.87179875,-69.31749364,38.368,DJI_0847.JPG,0,wood
4.6466675,1963.8501,488.92996,2141.5918,43.87179875,-69.31749364,38.368,DJI_0847.JPG,1,wood
1437.151,3482.918,2841.8213,3641.2598,43.87174681,-69.317524,38.568,DJI_0863.JPG,0,nature
1141.3735,2378.6147,1668.6887,2570.7046,43.87174681,-69.317524,38.568,DJI_0863.JPG,1,wood
1632.035,1654.3541,2983.808,1866.255,43.87174622,-69.31747567,38.468,DJI_0864.JPG,0,wood
4200.784,2801.361,4458.202,3638.2507,43.87174622,-69.31747567,38.468,DJI_0864.JPG,1,wood
1307.9143,582.9209,1826.9495,750.9442,43.87174622,-69.31747567,38.468,DJI_0864.JPG,2,wood
4254.9004,962.20825,4592.8125,3634.4924,43.87174656,-69.31743086,38.368,DJI_0865.JPG,0,wood
3120.081,2867.8508,3382.0679,3159.7302,43.87174681,-69.31738422,38.368,DJI_0866.JPG,0,fishing gear
3184.938,2511.0303,3447.31,2801.8984,43.87174617,-69.31737528,38.468,DJI_0867.JPG,0,fishing gear
3429.8948,1016.45654,3542.0798,1117.8713,43.87169239,-69.31742008,38.268,DJI_0868.JPG,0,plastic
4329.041,1692.2037,5462.135,1875.9196,43.8716945,-69.31747481,38.268,DJI_0869.JPG,0,wood
2679.2834,1643.7245,3219.8586,1911.5258,43.8716945,-69.31747481,38.268,DJI_0869.JPG,1,wood
562.5019,1441.5339,2387.2954,2595.5835,43.8716945,-69.31747481,38.268,DJI_0869.JPG,2,wood
3963.2144,640.614,4475.139,809.60425,43.8716945,-69.31747481,38.268,DJI_0869.JPG,3,wood
3843.1204,2298.7085,4362.0674,2477.732,43.87169603,-69.31752178,38.368,DJI_0870.JPG,0,wood
4229.64,3336.631,5462.8706,3604.1545,43.87169603,-69.31752178,38.368,DJI_0870.JPG,1,wood
481.052,2509.553,1043.3851,2825.133,43.87164572,-69.31762633,38.268,DJI_0884.JPG,0,wood
3255.7957,2067.9082,4956.521,3184.9722,43.87164156,-69.31748711,38.168,DJI_0887.JPG,0,wood
3330.33,338.23755,5077.0146,1453.964,43.87164206,-69.31744036,38.268,DJI_0888.JPG,0,wood
2057.3484,774.2449,3255.1907,1535.3906,43.87164206,-69.31744036,38.268,DJI_0888.JPG,1,fishing gear
2792.5784,2545.5242,3240.4675,3119.4158,43.87158956,-69.31744353,38.368,DJI_0890.JPG,0,wood
1784.7203,135.00674,2363.1904,523.12146,43.871592,-69.31749556,38.368,DJI_0891.JPG,0,wood
2890.8496,2290.66,3140.0874,2532.4568,43.87159286,-69.31763614,38.468,DJI_0894.JPG,0,wood
2991.2166,373.99988,3330.8025,768.8469,43.87159306,-69.31768008,38.368,DJI_0895.JPG,0,nature
2972.1255,1659.5746,3281.732,2016.0392,43.87159328,-69.31772753,38.368,DJI_0896.JPG,0,nature
2589.239,2230.3801,2811.8948,2366.72,43.87159328,-69.31772753,38.368,DJI_0896.JPG,1,wood
1792.3544,3199.9524,2352.7432,3639.717,43.87154225,-69.31759233,38.368,DJI_0907.JPG,0,fishing gear
1809.1296,1707.0999,2362.9417,2205.6992,43.87154239,-69.31754497,38.368,DJI_0908.JPG,0,fishing gear
4909.1724,127.86827,5463.5435,455.53876,43.87154239,-69.31754497,38.368,DJI_0908.JPG,1,wood
1823.2234,176.52946,2399.4495,686.1844,43.87154178,-69.31749956,38.368,DJI_0909.JPG,0,fishing gear
3975.8237,308.83463,4637.3296,698.5082,43.87154178,-69.31749956,38.368,DJI_0909.JPG,1,wood
4182.1035,717.9742,4839.9824,1207.4299,43.87148911,-69.31751292,38.368,DJI_0913.JPG,0,fishing gear
4116.0273,2109.7148,4627.3584,2600.1074,43.87148942,-69.31755694,38.368,DJI_0914.JPG,0,fishing gear
874.3874,2332.8462,1193.8062,2796.56,43.87143603,-69.31788517,38.368,DJI_0923.JPG,0,fishing gear
3664.982,2007.504,4150.5605,2372.8613,43.87143886,-69.31773981,38.368,DJI_0926.JPG,0,fishing gear
826.79486,778.4038,1425.263,1681.4736,43.87133483,-69.31789331,38.468,DJI_0943.JPG,0,fishing gear
700.4661,927.25226,886.4472,1125.7537,43.87133336,-69.31756264,38.368,DJI_0950.JPG,0,wood
1571.0349,3119.1387,2014.8784,3634.7397,43.87127958,-69.31752672,38.368,DJI_0952.JPG,0,fishing gear
2976.0488,1452.9835,3150.1055,1648.5565,43.87128267,-69.31757847,38.468,DJI_0953.JPG,0,plastic
2841.0647,969.07025,3039.7732,1302.096,43.87123089,-69.317805,38.468,DJI_0963.JPG,0,nature
4820.9517,3096.3596,5311.5474,3639.5476,43.87123031,-69.31752733,38.368,DJI_0969.JPG,0,fishing gear
4814.7925,2950.0017,5312.556,3519.7292,43.8712305,-69.31752436,38.468,DJI_0970.JPG,0,fishing gear
2451.175,1963.9827,2698.432,2191.6042,43.87117644,-69.31755728,38.368,DJI_0971.JPG,0,cage
1886.8267,790.5551,2075.1902,966.3909,43.87117644,-69.31755728,38.368,DJI_0971.JPG,1,fishing gear
4130.477,693.2981,4355.261,900.0773,43.87117986,-69.31783944,38.468,DJI_0977.JPG,0,wood
186.52121,2093.546,354.89847,2289.2256,43.87117992,-69.31788667,38.468,DJI_0978.JPG,0,plastic
3663.9648,1292.9785,3825.5205,1494.999,43.87107686,-69.31784442,38.468,DJI_0992.JPG,0,plastic
2682.2847,1740.1965,2874.8418,1893.9187,43.87102525,-69.31796597,38.368,DJI_0996.JPG,0,nature
190.26762,2803.0261,266.90945,2879.5251,43.87102678,-69.31791222,38.368,DJI_0997.JPG,0,fishing gear
